ID,Mã Tài Sản (Asset Tag),Mã SpeedMaint,Tên Thiết Bị Y Tế,Model,Số Serial (S/N),Khoa / Phòng Ban,Mã Khoa,Nhóm Chuyên Khoa,Mức Rủi Ro (NĐ98),Hãng Sản Xuất,Xuất Xứ,Năm Sản Xuất,Trạng Thái Vận Hành,Ngày Đưa Vào SD,Ngày Kiểm Định,Hạn Kiểm Định,Số Giấy Chứng Nhận,Số Tem KĐ,Ghi Chú
1,BVQ7-TTB-00001,BM/BVQ7/00001,"Cảm biến đo nồng độ bão hòa Oxy trong máu (SpO2), kiểu kẹp tay",N/A,GEN-4163622025003671671,Đơn Vị Thận Nhân Tạo / Lọc Máu,TNT,Thận nhân tạo & Lọc máu,Mức A,,,,IN_SERVICE,,,,,,
2,BVQ7-TTB-00002,BM/BVQ7/00002,Máy theo dõi bệnh nhân (Monitor),B125M,SR724460006SA,Khoa Cấp Cứu - Hồi Sức Tích Cực,ICU,Theo dõi bệnh nhân & Điện tim,Mức B,GE Healthcare,Mexico,,IN_SERVICE,,,,,,
3,BVQ7-TTB-00003,BM/BVQ7/00003,Máy điều trị da,VirtueRF,26003,Khoa Da Liễu - Thẩm Mỹ Da,KDL,Thiết bị y tế khác,Mức A,SHENB,Hàn Quốc Năm sản xuất: 2026,,IN_SERVICE,,,,,,
4,BVQ7-TTB-00004,BM/BVQ7/00004,Máy cạo vôi răng siêu âm,N/A,GEN-2767195677017204519,Khoa Chẩn Đoán Hình Ảnh,CDHA,Thiết bị y tế khác,Mức C,,,,IN_SERVICE,,,,,,
5,BVQ7-TTB-00005,BM/BVQ7/00005,Ống nội soi mềm,N/A,2201500,Khoa Nội Soi Tiêu Hóa,NSTH,Thiết bị y tế khác,Mức C,,,,IN_SERVICE,,,,,,
6,BVQ7-TTB-00006,BM/BVQ7/00006,Ống nội soi mềm,GIF-EZ 1500,2305038,Khoa Nội Soi Tiêu Hóa,NSTH,Thiết bị y tế khác,Mức C,,,,IN_SERVICE,,,,,,
7,BVQ7-TTB-00007,BM/BVQ7/00007,Ống nội soi mềm,N/A,2201504,Khoa Nội Soi Tiêu Hóa,NSTH,Thiết bị y tế khác,Mức C,,,,IN_SERVICE,,,,,,
8,BVQ7-TTB-00008,BM/BVQ7/00008,Ống nội soi mềm,N/A,2201502,Khoa Nội Soi Tiêu Hóa,NSTH,Thiết bị y tế khác,Mức C,,,,IN_SERVICE,,,,,,
9,BVQ7-TTB-00009,BM/BVQ7/00009,Máy chụp X-Quang kỹ thuật số,Revolution Maxima,TAIXX2400044CN,Khoa Chẩn Đoán Hình Ảnh,CDHA,Thiết bị y tế khác,Mức C,,,,IN_SERVICE,,,,,,
10,BVQ7-TTB-00010,BM/BVQ7/00010,Máy chụp X-Quang kỹ thuật số,Revolution ACT,CE6XG2400136HM,Khoa Chẩn Đoán Hình Ảnh,CDHA,Thiết bị y tế khác,Mức C,,,,IN_SERVICE,,,,,,
11,BVQ7-TTB-00011,BM/BVQ7/00011,Máy chụp X-Quang kỹ thuật số,DigiRAD-FP,DE501T0263005,Khoa Chẩn Đoán Hình Ảnh,CDHA,Thiết bị y tế khác,Mức C,,,,IN_SERVICE,,,,,,
12,BVQ7-TTB-00012,BM/BVQ7/00012,Máy chụp X-Quang kỹ thuật số,DigiRAD-FP,OE51TFR1223001,Khoa Chẩn Đoán Hình Ảnh,CDHA,Thiết bị y tế khác,Mức C,,,,IN_SERVICE,,,,,,
13,BVQ7-TTB-00013,BM/BVQ7/00013,Máy chụp X-Quang kỹ thuật số,DigiRAD-FP,DE501T0263004,Khoa Chẩn Đoán Hình Ảnh,CDHA,Thiết bị y tế khác,Mức C,,,,IN_SERVICE,,,,,,
14,BVQ7-TTB-00014,BM/BVQ7/00014,Máy chụp X-Quang kỹ thuật số,DigiRAD-FP,OE51TFR1223003,Khoa Chẩn Đoán Hình Ảnh,CDHA,Thiết bị y tế khác,Mức C,,,,IN_SERVICE,,,,,,
15,BVQ7-TTB-00015,BM/BVQ7/00015,Máy chụp X-Quang nhũ ảnh,RMF-2000,MACD16923,Khoa Chẩn Đoán Hình Ảnh,CDHA,Thiết bị y tế khác,Mức C,,,,IN_SERVICE,,,,,,
16,BVQ7-TTB-00016,BM/BVQ7/00016,Máy chụp X-Quang kỹ thuật số,DigiRAD-FP,OE51TFR1223002,Khoa Chẩn Đoán Hình Ảnh,CDHA,Thiết bị y tế khác,Mức C,,,,IN_SERVICE,,,,,,
17,BVQ7-TTB-00017,BM/BVQ7/00017,Máy chụp X-Quang kỹ thuật số,FDR Smart FGX-40S,DXD2390163A,Khoa Chẩn Đoán Hình Ảnh,CDHA,Thiết bị y tế khác,Mức C,,,,IN_SERVICE,,,,,,
18,BVQ7-TTB-00018,BM/BVQ7/00018,Máy chụp X-Quang kỹ thuật số,Digi RAD-FP,OE51TFR0264001,Khoa Chẩn Đoán Hình Ảnh,CDHA,Thiết bị y tế khác,Mức C,,,,IN_SERVICE,,,,,,
19,BVQ7-TTB-00019,BM/BVQ7/00019,Máy chụp X-Quang kỹ thuật số,RMF-2000,MADD17023,Khoa Chẩn Đoán Hình Ảnh,CDHA,Thiết bị y tế khác,Mức C,,,,IN_SERVICE,,,,,,
20,BVQ7-TTB-00020,BM/BVQ7/00020,Máy chụp X-Quang kỹ thuật số,Selenia Dimensions 3D,SDM131501673,Khoa Chẩn Đoán Hình Ảnh,CDHA,Thiết bị y tế khác,Mức C,,,,IN_SERVICE,,,,,,
21,BVQ7-TTB-00021,BM/BVQ7/00021,Máy chụp X-Quang kỹ thuật số,FDR Smart FGX-40S,DXD2390165A,Khoa Chẩn Đoán Hình Ảnh,CDHA,Thiết bị y tế khác,Mức C,,,,IN_SERVICE,,,,,,
22,BVQ7-TTB-00022,BM/BVQ7/00022,Máy chụp X-Quang kỹ thuật số,10431700,105379,Khoa Chẩn Đoán Hình Ảnh,CDHA,Thiết bị y tế khác,Mức C,,,,IN_SERVICE,,,,,,
23,BVQ7-TTB-00023,BM/BVQ7/00023,Máy chẩn đoán xơ vữa mạch máu,N/A,03000417,Kho Lưu Trữ Thiết Bị / Chờ Cấp Phát,KHO,Thiết bị y tế khác,Mức A,,,,IN_SERVICE,,,,,,
24,BVQ7-TTB-00024,BM/BVQ7/00024,Máy chẩn đoán vi khuẩn HP (BreathID),N/A,L286,Kho Lưu Trữ Thiết Bị / Chờ Cấp Phát,KHO,Thiết bị y tế khác,Mức A,,,,IN_SERVICE,,,,,,
25,BVQ7-TTB-00025,BM/BVQ7/00025,"Cảm biến đo nồng độ bão hòa Oxy trong máu (SpO2), kiểu kẹp tay",N/A,GEN-7210806117032496046,Đơn Vị Thận Nhân Tạo / Lọc Máu,TNT,Thận nhân tạo & Lọc máu,Mức A,,,,IN_SERVICE,,,,,,
26,BVQ7-TTB-00026,BM/BVQ7/00026,Máy cạo vôi răng siêu âm,N/A,GEN-9030528284924768005,Khoa Chẩn Đoán Hình Ảnh,CDHA,Thiết bị y tế khác,Mức C,,,,IN_SERVICE,,,,,,
27,BVQ7-TTB-00027,BM/BVQ7/00027,Máy bơm khí kiểm tra rò rỉ,N/A,K,Kho Lưu Trữ Thiết Bị / Chờ Cấp Phát,KHO,Thiết bị y tế khác,Mức A,,,,IN_SERVICE,,,,,,
28,BVQ7-TTB-00028,BM/BVQ7/00028,Máy siêu âm chẩn đoán,LOGIQ Fortis,02988,Khoa Chẩn Đoán Hình Ảnh,CDHA,Thiết bị y tế khác,Mức C,,,,IN_SERVICE,,,,,,
29,BVQ7-TTB-00029,BM/BVQ7/00029,Máy rửa bô và khử khuẩn,Topline 20,10574161,Kho Lưu Trữ Thiết Bị / Chờ Cấp Phát,KHO,Thiết bị y tế khác,Mức A,,,,IN_SERVICE,,,,,,
30,BVQ7-TTB-00030,BM/BVQ7/00030,Nồi hấp tiệt trùng,VSC-60L S-60224104,H,Trung Tâm Tiệt Trùng & KSNK (CSSD),CSSD,Thiết bị y tế khác,Mức B,,,,IN_SERVICE,,,,,,
31,BVQ7-TTB-00031,BM/BVQ7/00031,Thiết bị chẩn đoán & điều trị y tế,N/A,04042023,Kho Lưu Trữ Thiết Bị / Chờ Cấp Phát,KHO,Thiết bị y tế khác,Mức A,,,,IN_SERVICE,,,,,,
32,BVQ7-TTB-00032,BM/BVQ7/00032,Thiết bị chẩn đoán & điều trị y tế,N/A,23062023,Kho Lưu Trữ Thiết Bị / Chờ Cấp Phát,KHO,Thiết bị y tế khác,Mức A,,,,IN_SERVICE,,,,,,
34,BVQ7-TTB-00034,BM/BVQ7/00034,Máy ly tâm phòng xét nghiệm,N/A,GEN-7444607673142158781,Khoa Xét Nghiệm Y Học,XN,Thiết bị y tế khác,Mức B,,,,IN_SERVICE,,,,,,
35,BVQ7-TTB-00035,BM/BVQ7/00035,Tủ mát bảo quản dược phẩm,N/A,GEN-1239510183533181652,Kho Lưu Trữ Thiết Bị / Chờ Cấp Phát,KHO,Thiết bị y tế khác,Mức A,,,,IN_SERVICE,,,,,,
36,BVQ7-TTB-00036,BM/BVQ7/00036,Kính hiển vi quang học,N/A,GEN-6454518498773669187,Kho Lưu Trữ Thiết Bị / Chờ Cấp Phát,KHO,Thiết bị y tế khác,Mức B,,,,IN_SERVICE,,,,,,
37,BVQ7-TTB-00037,BM/BVQ7/00037,Máy đo đa ký hô hấp,N/A,GEN-7299646816159388207,Kho Lưu Trữ Thiết Bị / Chờ Cấp Phát,KHO,Thiết bị y tế khác,Mức A,,,,IN_SERVICE,,,,,,
38,BVQ7-TTB-00038,BM/BVQ7/00038,Ghế máy nha khoa,N/A,GEN-6124183986283276,Kho Lưu Trữ Thiết Bị / Chờ Cấp Phát,KHO,Thiết bị y tế khác,Mức A,,,,IN_SERVICE,,,,,,
39,BVQ7-TTB-00039,BM/BVQ7/00039,Đèn tẩy trắng răng,ZME3000,GEN-3555137855190430899,Kho Lưu Trữ Thiết Bị / Chờ Cấp Phát,KHO,Thiết bị y tế khác,Mức A,,,,IN_SERVICE,,,,,,
40,BVQ7-TTB-00040,BM/BVQ7/00040,Máy khoan cưa xương,N/A,GEN-798471831910258027,Kho Lưu Trữ Thiết Bị / Chờ Cấp Phát,KHO,Thiết bị y tế khác,Mức A,,,,IN_SERVICE,,,,,,
41,BVQ7-TTB-00041,BM/BVQ7/00041,Hệ thống chụp cắt lớp võng mạc (OCT),N/A,GEN-1245879964588060551,Khoa Chẩn Đoán Hình Ảnh,CDHA,Thiết bị y tế khác,Mức A,,,,IN_SERVICE,,,,,,
42,BVQ7-TTB-00042,BM/BVQ7/00042,Máy đo loãng xương,PRODIGY,GEN-7686815871740576816,Đơn Vị Thận Nhân Tạo / Lọc Máu,TNT,Thiết bị y tế khác,Mức A,,,,IN_SERVICE,,,,,,
43,BVQ7-TTB-00043,BM/BVQ7/00043,Máy điều trị sóng xung kích,STL-6000 FBNT,GEN-2436820166908099082,Khoa Phục Hồi Chức Năng & YHTT,PHCN,Thiết bị y tế khác,Mức A,,,,IN_SERVICE,,,,,,
44,BVQ7-TTB-00044,BM/BVQ7/00044,Bàn nghiêng tập phục hồi chức năng,9505,GEN-4335124585772376964,Khoa Phục Hồi Chức Năng & YHTT,PHCN,Thiết bị y tế khác,Mức A,,,,IN_SERVICE,,,,,,
45,BVQ7-TTB-00045,BM/BVQ7/00045,Nox Medical - Giay uy quyen,N/A,GEN-2206407962064529276,Kho Lưu Trữ Thiết Bị / Chờ Cấp Phát,KHO,Thiết bị y tế khác,Mức A,,,,IN_SERVICE,,,,,,
46,BVQ7-TTB-00046,BM/BVQ7/00046,Máy đo đa ký hô hấp,N/A,GEN-6007693971320964456,Kho Lưu Trữ Thiết Bị / Chờ Cấp Phát,KHO,Thiết bị y tế khác,Mức A,,,,IN_SERVICE,,,,,,
47,BVQ7-TTB-00047,BM/BVQ7/00047,Invoice and packing list,N/A,GEN-3796459090406215725,Kho Lưu Trữ Thiết Bị / Chờ Cấp Phát,KHO,Thiết bị y tế khác,Mức A,,,,IN_SERVICE,,,,,,
48,BVQ7-TTB-00048,BM/BVQ7/00048,"CO A1, T3s",N/A,GEN-1327546474320608159,Kho Lưu Trữ Thiết Bị / Chờ Cấp Phát,KHO,Thiết bị y tế khác,Mức A,,,,IN_SERVICE,,,,,,
49,BVQ7-TTB-00049,BM/BVQ7/00049,"CQ A1,T3s",N/A,GEN-7846531221458033374,Kho Lưu Trữ Thiết Bị / Chờ Cấp Phát,KHO,Thiết bị y tế khác,Mức A,,,,IN_SERVICE,,,,,,
50,BVQ7-TTB-00050,BM/BVQ7/00050,Máy đo đa ký hô hấp,N/A,GEN-2645750592425948290,Kho Lưu Trữ Thiết Bị / Chờ Cấp Phát,KHO,Thiết bị y tế khác,Mức A,,,,IN_SERVICE,,,,,,
51,BVQ7-TTB-00051,BM/BVQ7/00051,Bản gốc,N/A,GEN-1228150328543606363,Kho Lưu Trữ Thiết Bị / Chờ Cấp Phát,KHO,Thiết bị y tế khác,Mức A,,,,IN_SERVICE,,,,,,
52,BVQ7-TTB-00052,BM/BVQ7/00052,Máy đo đa ký hô hấp,N/A,GEN-8730947191436559811,Kho Lưu Trữ Thiết Bị / Chờ Cấp Phát,KHO,Thiết bị y tế khác,Mức A,,,,IN_SERVICE,,,,,,
53,BVQ7-TTB-00053,BM/BVQ7/00053,HSTT ĐỢT 2 HĐ 20230913-003 CALAPHARCO CẬP NHẬP LẠI BBNT,N/A,GEN-7450880453399517348,Kho Lưu Trữ Thiết Bị / Chờ Cấp Phát,KHO,Thiết bị y tế khác,Mức A,,,,IN_SERVICE,,,,,,
54,BVQ7-TTB-00054,BM/BVQ7/00054,HD 240622 GOLDMED,N/A,GEN-6435989249545648690,Kho Lưu Trữ Thiết Bị / Chờ Cấp Phát,KHO,Thiết bị y tế khác,Mức A,,,,IN_SERVICE,,,,,,
55,BVQ7-TTB-00055,BM/BVQ7/00055,BBBG+BBNT,N/A,GEN-5823376771762123772,Kho Lưu Trữ Thiết Bị / Chờ Cấp Phát,KHO,Thiết bị y tế khác,Mức A,,,,IN_SERVICE,,,,,,
56,BVQ7-TTB-00056,BM/BVQ7/00056,BBBG-BBNT,N/A,GEN-2621190140136199488,Kho Lưu Trữ Thiết Bị / Chờ Cấp Phát,KHO,Thiết bị y tế khác,Mức A,,,,IN_SERVICE,,,,,,
57,BVQ7-TTB-00057,BM/BVQ7/00057,Thiên Trường,N/A,GEN-3051676820427595822,Kho Lưu Trữ Thiết Bị / Chờ Cấp Phát,KHO,Thiết bị y tế khác,Mức A,,,,IN_SERVICE,,,,,,
58,BVQ7-TTB-00058,BM/BVQ7/00058,Máy chạy thận HDF Online,N/A,GEN-1828450678122296946,Đơn Vị Thận Nhân Tạo / Lọc Máu,TNT,Thiết bị y tế khác,Mức A,,,,IN_SERVICE,,,,,,
59,BVQ7-TTB-00059,BM/BVQ7/00059,PL4 HĐ THUÊ TC 1508 2023 AN PHA,N/A,GEN-6678615543148709443,Kho Lưu Trữ Thiết Bị / Chờ Cấp Phát,KHO,Thiết bị y tế khác,Mức A,,,,IN_SERVICE,,,,,,
60,BVQ7-TTB-00060,BM/BVQ7/00060,PL6 HĐ THUÊ TC 1508 2023 AN PHA,N/A,GEN-4705695477550187944,Kho Lưu Trữ Thiết Bị / Chờ Cấp Phát,KHO,Thiết bị y tế khác,Mức A,,,,IN_SERVICE,,,,,,
61,BVQ7-TTB-00061,BM/BVQ7/00061,Máy chụp X-Quang nha khoa,N/A,GEN-4343504048716286817,Khoa Chẩn Đoán Hình Ảnh,CDHA,Thiết bị y tế khác,Mức C,,,,IN_SERVICE,,,,,,
62,BVQ7-TTB-00062,BM/BVQ7/00062,TBYT (92),N/A,GEN-8623950683580907283,Kho Lưu Trữ Thiết Bị / Chờ Cấp Phát,KHO,Thiết bị y tế khác,Mức A,,,,IN_SERVICE,,,,,,
63,BVQ7-TTB-00063,BM/BVQ7/00063,Máy đo điện não (EEG),Arc Essentia EEG,GEN-5887499641665845002,Kho Lưu Trữ Thiết Bị / Chờ Cấp Phát,KHO,Thiết bị y tế khác,Mức B,,,,IN_SERVICE,,,,,,
64,BVQ7-TTB-00064,BM/BVQ7/00064,Nhiệt kế điện tử y tế,MT 550,GEN-6352865601392382234,Khoa Khám Bệnh Đa Khoa,KKB,Dụng cụ đo lường y tế,Mức A,,,,IN_SERVICE,,,,,,
65,BVQ7-TTB-00065,BM/BVQ7/00065,Dao mổ điện cao tần,ZEUS - 150,GEN-4668838047658203806,Khoa Phẫu Thuật - GMHS / Phòng Mổ,GMHS,Phẫu thuật & Dao mổ điện,Mức C,,,,IN_SERVICE,,,,,,
66,BVQ7-TTB-00066,BM/BVQ7/00066,Kết quả đo độ rung và tiếng ồn,N/A,GEN-5270609185976767451,Kho Lưu Trữ Thiết Bị / Chờ Cấp Phát,KHO,Thiết bị y tế khác,Mức A,,,,IN_SERVICE,,,,,,
67,BVQ7-TTB-00067,BM/BVQ7/00067,Tủ an toàn sinh học,N/A,GEN-6966397495577096527,Kho Lưu Trữ Thiết Bị / Chờ Cấp Phát,KHO,Thiết bị y tế khác,Mức A,,,,IN_SERVICE,,,,,,
68,BVQ7-TTB-00068,BM/BVQ7/00068,Máy theo dõi bệnh nhân (Monitor),B125,GEN-9066796292547126627,Khoa Cấp Cứu - Hồi Sức Tích Cực,ICU,Theo dõi bệnh nhân & Điện tim,Mức B,,,,IN_SERVICE,,,,,,
69,BVQ7-TTB-00069,BM/BVQ7/00069,Máy điện tim (ECG),N/A,GEN-1859878533051738684,Kho Lưu Trữ Thiết Bị / Chờ Cấp Phát,KHO,Theo dõi bệnh nhân & Điện tim,Mức B,,,,IN_SERVICE,,,,,,
70,BVQ7-TTB-00070,BM/BVQ7/00070,Cân sức khỏe y tế,N/A,GEN-3129147127198472258,Khoa Khám Bệnh Đa Khoa,KKB,Thiết bị y tế khác,Mức A,,,,IN_SERVICE,,,,,,
71,BVQ7-TTB-00071,BM/BVQ7/00071,Máy ly tâm phòng xét nghiệm,N/A,GEN-4270219271658346154,Khoa Xét Nghiệm Y Học,XN,Thiết bị xét nghiệm & lab,Mức B,,,,IN_SERVICE,,,,,,
72,BVQ7-TTB-00072,BM/BVQ7/00072,Huyết áp kế lò xo / Áp kế y tế,N/A,GEN-1556062100687177315,Khoa Khám Bệnh Đa Khoa,KKB,Dụng cụ đo lường y tế,Mức A,,,,IN_SERVICE,,,,,,
73,BVQ7-TTB-00073,BM/BVQ7/00073,Nhiệt ẩm kế tự ghi,N/A,GEN-2727057214445979684,Khoa Khám Bệnh Đa Khoa,KKB,Dụng cụ đo lường y tế,Mức A,,,,IN_SERVICE,,,,,,
74,BVQ7-TTB-00074,BM/BVQ7/00074,Nhiệt ẩm kế tự ghi,N/A,GEN-8025679832095606036,Khoa Khám Bệnh Đa Khoa,KKB,Dụng cụ đo lường y tế,Mức A,,,,IN_SERVICE,,,,,,
75,BVQ7-TTB-00075,BM/BVQ7/00075,Huyết áp kế lò xo / Áp kế y tế,N/A,GEN-8607493858436120410,Khoa Khám Bệnh Đa Khoa,KKB,Dụng cụ đo lường y tế,Mức A,,,,IN_SERVICE,,,,,,
76,BVQ7-TTB-00076,BM/BVQ7/00076,Máy điện tim (ECG),N/A,GEN-6845560075114015012,Kho Lưu Trữ Thiết Bị / Chờ Cấp Phát,KHO,Theo dõi bệnh nhân & Điện tim,Mức B,,,,IN_SERVICE,,,,,,
77,BVQ7-TTB-00077,BM/BVQ7/00077,Dao mổ điện cao tần,N/A,GEN-529357227355194265,Khoa Phẫu Thuật - GMHS / Phòng Mổ,GMHS,Phẫu thuật & Dao mổ điện,Mức C,,,,IN_SERVICE,,,,,,
78,BVQ7-TTB-00078,BM/BVQ7/00078,Máy thận nhân tạo,N/A,GEN-2175906466914567022,Đơn Vị Thận Nhân Tạo / Lọc Máu,TNT,Thận nhân tạo & Lọc máu,Mức C,,,,IN_SERVICE,,,,,,
79,BVQ7-TTB-00079,BM/BVQ7/00079,bể ổn nhiệt T10,N/A,GEN-402233719664571995,Kho Lưu Trữ Thiết Bị / Chờ Cấp Phát,KHO,Thiết bị y tế khác,Mức A,,,,IN_SERVICE,,,,,,
80,BVQ7-TTB-00080,BM/BVQ7/00080,Máy ly tâm phòng xét nghiệm,N/A,GEN-3077200353498100233,Khoa Xét Nghiệm Y Học,XN,Thiết bị xét nghiệm & lab,Mức B,,,,IN_SERVICE,,,,,,
81,BVQ7-TTB-00081,BM/BVQ7/00081,Nhiệt ẩm kế tự ghi,N/A,GEN-2037984442940775287,Khoa Khám Bệnh Đa Khoa,KKB,Dụng cụ đo lường y tế,Mức A,,,,IN_SERVICE,,,,,,
82,BVQ7-TTB-00082,BM/BVQ7/00082,Nhiệt ẩm kế tự ghi,N/A,GEN-857615677349164588,Khoa Khám Bệnh Đa Khoa,KKB,Dụng cụ đo lường y tế,Mức A,,,,IN_SERVICE,,,,,,
83,BVQ7-TTB-00083,BM/BVQ7/00083,Nồi hấp tiệt trùng,N/A,GEN-39306708365052799,Trung Tâm Tiệt Trùng & KSNK (CSSD),CSSD,Thiết bị tiệt trùng & khử khuẩn,Mức B,,,,IN_SERVICE,,,,,,
84,BVQ7-TTB-00084,BM/BVQ7/00084,Máy phá rung tim,N/A,GEN-1429454595662417678,Khoa Cấp Cứu - Hồi Sức Tích Cực,ICU,Cấp cứu & Máy phá rung tim,Mức D,,,,IN_SERVICE,,,,,,
85,BVQ7-TTB-00085,BM/BVQ7/00085,Nồi hấp tiệt trùng,N/A,GEN-6347490386484124032,Trung Tâm Tiệt Trùng & KSNK (CSSD),CSSD,Thiết bị tiệt trùng & khử khuẩn,Mức B,,,,IN_SERVICE,,,,,,
86,BVQ7-TTB-00086,BM/BVQ7/00086,pipet T10,N/A,GEN-5276950507358812150,Kho Lưu Trữ Thiết Bị / Chờ Cấp Phát,KHO,Thiết bị y tế khác,Mức A,,,,IN_SERVICE,,,,,,
87,BVQ7-TTB-00087,BM/BVQ7/00087,Nhiệt ẩm kế tự ghi,N/A,GEN-1732859883225489868,Khoa Khám Bệnh Đa Khoa,KKB,Dụng cụ đo lường y tế,Mức A,,,,IN_SERVICE,,,,,,
88,BVQ7-TTB-00088,BM/BVQ7/00088,Nhiệt ẩm kế tự ghi,N/A,GEN-4110032225220182999,Khoa Khám Bệnh Đa Khoa,KKB,Dụng cụ đo lường y tế,Mức A,,,,IN_SERVICE,,,,,,
89,BVQ7-TTB-00089,BM/BVQ7/00089,Huyết áp kế lò xo / Áp kế y tế,N/A,GEN-7993872808535646458,Khoa Khám Bệnh Đa Khoa,KKB,Dụng cụ đo lường y tế,Mức A,,,,IN_SERVICE,,,,,,
90,BVQ7-TTB-00090,BM/BVQ7/00090,Dao mổ điện cao tần,ZEUS - 150,GEN-7812071731075317812,Khoa Phẫu Thuật - GMHS / Phòng Mổ,GMHS,Phẫu thuật & Dao mổ điện,Mức C,,,,IN_SERVICE,,,,,,
91,BVQ7-TTB-00091,BM/BVQ7/00091,Huyết áp kế lò xo / Áp kế y tế,N/A,GEN-8336031999975676683,Khoa Khám Bệnh Đa Khoa,KKB,Dụng cụ đo lường y tế,Mức A,,,,IN_SERVICE,,,,,,
92,BVQ7-TTB-00092,BM/BVQ7/00092,Huyết áp kế lò xo / Áp kế y tế,N/A,GEN-6985053204514688757,Khoa Khám Bệnh Đa Khoa,KKB,Dụng cụ đo lường y tế,Mức A,,,,IN_SERVICE,,,,,,
93,BVQ7-TTB-00093,BM/BVQ7/00093,Cân sức khỏe y tế,N/A,GEN-3907653854223011759,Khoa Khám Bệnh Đa Khoa,KKB,Thiết bị y tế khác,Mức A,,,,IN_SERVICE,,,,,,
94,BVQ7-TTB-00094,BM/BVQ7/00094,Nhiệt ẩm kế tự ghi,N/A,GEN-5729855299968726304,Khoa Khám Bệnh Đa Khoa,KKB,Dụng cụ đo lường y tế,Mức A,,,,IN_SERVICE,,,,,,
95,BVQ7-TTB-00095,BM/BVQ7/00095,Nhiệt kế điện tử y tế,N/A,GEN-3333818796628629613,Khoa Khám Bệnh Đa Khoa,KKB,Dụng cụ đo lường y tế,Mức A,,,,IN_SERVICE,,,,,,
96,BVQ7-TTB-00096,BM/BVQ7/00096,Máy theo dõi bệnh nhân (Monitor),B125,GEN-1044937657809606439,Khoa Cấp Cứu - Hồi Sức Tích Cực,ICU,Theo dõi bệnh nhân & Điện tim,Mức B,,,,IN_SERVICE,,,,,,
97,BVQ7-TTB-00097,BM/BVQ7/00097,Huyết áp điện tử,N/A,GEN-5351412869210477844,Khoa Khám Bệnh Đa Khoa,KKB,Dụng cụ đo lường y tế,Mức A,,,,IN_SERVICE,,,,,,
98,BVQ7-TTB-00098,BM/BVQ7/00098,Máy điện tim (ECG),N/A,GEN-5892246461592945866,Kho Lưu Trữ Thiết Bị / Chờ Cấp Phát,KHO,Theo dõi bệnh nhân & Điện tim,Mức B,,,,IN_SERVICE,,,,,,
99,BVQ7-TTB-00099,BM/BVQ7/00099,Nhiệt ẩm kế tự ghi,N/A,GEN-7758408612430278974,Khoa Khám Bệnh Đa Khoa,KKB,Dụng cụ đo lường y tế,Mức A,,,,IN_SERVICE,,,,,,
100,BVQ7-TTB-00100,BM/BVQ7/00100,tnt Fresenius,N/A,GEN-4822807722255273804,Đơn Vị Thận Nhân Tạo / Lọc Máu,TNT,Thiết bị y tế khác,Mức A,,,,IN_SERVICE,,,,,,
101,BVQ7-TTB-00101,BM/BVQ7/00101,RO máy rửa quả lọc TNT,N/A,GEN-5379028198845413896,Đơn Vị Thận Nhân Tạo / Lọc Máu,TNT,Thận nhân tạo & Lọc máu,Mức A,,,,IN_SERVICE,,,,,,
102,BVQ7-TTB-00102,BM/BVQ7/00102,RO máy thận TNT,N/A,GEN-8997488290805267454,Đơn Vị Thận Nhân Tạo / Lọc Máu,TNT,Thận nhân tạo & Lọc máu,Mức A,,,,IN_SERVICE,,,,,,
103,BVQ7-TTB-00103,BM/BVQ7/00103,tủ ATSH,N/A,GEN-2345121592373388680,Kho Lưu Trữ Thiết Bị / Chờ Cấp Phát,KHO,Thiết bị y tế khác,Mức A,,,,IN_SERVICE,,,,,,
105,BVQ7-TTB-00105,BM/BVQ7/00105,Nghiệm Thu - xác nhận khối lượng CV,N/A,GEN-505182599058816871,Kho Lưu Trữ Thiết Bị / Chờ Cấp Phát,KHO,Thiết bị y tế khác,Mức A,,,,IN_SERVICE,,,,,,
106,BVQ7-TTB-00106,BM/BVQ7/00106,Scan NT,N/A,GEN-8645621475257796932,Kho Lưu Trữ Thiết Bị / Chờ Cấp Phát,KHO,Thiết bị y tế khác,Mức A,,,,IN_SERVICE,,,,,,
107,BVQ7-TTB-00107,BM/BVQ7/00107,Huyết áp kế lò xo / Áp kế y tế,N/A,GEN-7924783194162342329,Khoa Khám Bệnh Đa Khoa,KKB,Dụng cụ đo lường y tế,Mức A,,,,IN_SERVICE,,,,,,
108,BVQ7-TTB-00108,BM/BVQ7/00108,Cân sức khỏe y tế,N/A,GEN-6162949674790183191,Khoa Khám Bệnh Đa Khoa,KKB,Thiết bị y tế khác,Mức A,,,,IN_SERVICE,,,,,,
109,BVQ7-TTB-00109,BM/BVQ7/00109,Máy thở chuyên dụng,TV-100,GEN-5575896091050399779,Khoa Cấp Cứu - Hồi Sức Tích Cực,ICU,Máy thở & Hô hấp,Mức D,,,,IN_SERVICE,,,,,,
110,BVQ7-TTB-00110,BM/BVQ7/00110,Máy thận nhân tạo,4008 S,GEN-2972707384042056156,Đơn Vị Thận Nhân Tạo / Lọc Máu,TNT,Thận nhân tạo & Lọc máu,Mức C,,,,IN_SERVICE,,,,,,
111,BVQ7-TTB-00111,BM/BVQ7/00111,Nồi hấp tiệt trùng,N/A,GEN-9189854501264082304,Trung Tâm Tiệt Trùng & KSNK (CSSD),CSSD,Thiết bị tiệt trùng & khử khuẩn,Mức B,,,,IN_SERVICE,,,,,,
112,BVQ7-TTB-00112,BM/BVQ7/00112,Máy thở chuyên dụng,Astral 150,GEN-2615399485118983130,Khoa Cấp Cứu - Hồi Sức Tích Cực,ICU,Máy thở & Hô hấp,Mức D,,,,IN_SERVICE,,,,,,
113,BVQ7-TTB-00113,BM/BVQ7/00113,Máy thở vận chuyển bệnh nhân,Astral 150,GEN-4060489067752871585,Khoa Cấp Cứu - Hồi Sức Tích Cực,ICU,Thiết bị y tế khác,Mức D,,,,IN_SERVICE,,,,,,
114,BVQ7-TTB-00114,BM/BVQ7/00114,Nhiệt kế điện tử y tế,N/A,GEN-7466829473806884466,Khoa Khám Bệnh Đa Khoa,KKB,Dụng cụ đo lường y tế,Mức A,,,,IN_SERVICE,,,,,,
115,BVQ7-TTB-00115,BM/BVQ7/00115,Nhiệt ẩm kế tự ghi,N/A,GEN-2042539314088606048,Khoa Khám Bệnh Đa Khoa,KKB,Dụng cụ đo lường y tế,Mức A,,,,IN_SERVICE,,,,,,
116,BVQ7-TTB-00116,BM/BVQ7/00116,Nhiệt ẩm kế tự ghi,N/A,GEN-8608642687061041324,Khoa Khám Bệnh Đa Khoa,KKB,Dụng cụ đo lường y tế,Mức A,,,,IN_SERVICE,,,,,,
117,BVQ7-TTB-00117,BM/BVQ7/00117,Máy đo điện não (EEG),Arc Essentia EEG,GEN-9132390852347554928,Kho Lưu Trữ Thiết Bị / Chờ Cấp Phát,KHO,Thiết bị y tế khác,Mức B,,,,IN_SERVICE,,,,,,
118,BVQ7-TTB-00118,BM/BVQ7/00118,Dao mổ điện cao tần,ZEUS - 150,GEN-6041679001932374664,Khoa Phẫu Thuật - GMHS / Phòng Mổ,GMHS,Thiết bị y tế khác,Mức C,,,,IN_SERVICE,,,,,,
119,BVQ7-TTB-00119,BM/BVQ7/00119,Máy ly tâm phòng xét nghiệm,N/A,GEN-5337939500301641554,Khoa Xét Nghiệm Y Học,XN,Thiết bị xét nghiệm & lab,Mức B,,,,IN_SERVICE,,,,,,
120,BVQ7-TTB-00120,BM/BVQ7/00120,Nhiệt kế y tế,N/A,GEN-4803103777948662147,Khoa Khám Bệnh Đa Khoa,KKB,Dụng cụ đo lường y tế,Mức A,,,,IN_SERVICE,,,,,,
121,BVQ7-TTB-00121,BM/BVQ7/00121,Nhiệt ẩm kế tự ghi,N/A,GEN-6878727028769591498,Khoa Khám Bệnh Đa Khoa,KKB,Dụng cụ đo lường y tế,Mức A,,,,IN_SERVICE,,,,,,
122,BVQ7-TTB-00122,BM/BVQ7/00122,Pipet,N/A,GEN-7797665109261808895,Kho Lưu Trữ Thiết Bị / Chờ Cấp Phát,KHO,Thiết bị y tế khác,Mức A,,,,IN_SERVICE,,,,,,
123,BVQ7-TTB-00123,BM/BVQ7/00123,Tủ an toàn sinh học,N/A,GEN-6164722094281303847,Kho Lưu Trữ Thiết Bị / Chờ Cấp Phát,KHO,Thiết bị y tế khác,Mức A,,,,IN_SERVICE,,,,,,
124,BVQ7-TTB-00124,BM/BVQ7/00124,Tủ lạnh bảo quản mẫu y tế,N/A,GEN-3225641040900186850,Kho Lưu Trữ Thiết Bị / Chờ Cấp Phát,KHO,Thiết bị y tế khác,Mức A,,,,IN_SERVICE,,,,,,
125,BVQ7-TTB-00125,BM/BVQ7/00125,Tủ lạnh bảo quản mẫu y tế,N/A,GEN-8308239967334486401,Kho Lưu Trữ Thiết Bị / Chờ Cấp Phát,KHO,Thiết bị y tế khác,Mức A,,,,IN_SERVICE,,,,,,
126,BVQ7-TTB-00126,BM/BVQ7/00126,Tủ lạnh bảo quản mẫu y tế,N/A,GEN-4730211187811011017,Kho Lưu Trữ Thiết Bị / Chờ Cấp Phát,KHO,Thiết bị y tế khác,Mức A,,,,IN_SERVICE,,,,,,
127,BVQ7-TTB-00127,BM/BVQ7/00127,Cân các loại,N/A,GEN-3796871807993296597,Kho Lưu Trữ Thiết Bị / Chờ Cấp Phát,KHO,Thiết bị y tế khác,Mức A,,,,IN_SERVICE,,,,,,
128,BVQ7-TTB-00128,BM/BVQ7/00128,Huyết áp kế lò xo / Áp kế y tế,N/A,GEN-920138451040301732,Khoa Khám Bệnh Đa Khoa,KKB,Dụng cụ đo lường y tế,Mức A,,,,IN_SERVICE,,,,,,
129,BVQ7-TTB-00129,BM/BVQ7/00129,Huyết áp kế lò xo / Áp kế y tế,N/A,GEN-352523722344690556,Khoa Khám Bệnh Đa Khoa,KKB,Dụng cụ đo lường y tế,Mức A,,,,IN_SERVICE,,,,,,
130,BVQ7-TTB-00130,BM/BVQ7/00130,Nhiệt ẩm kế tự ghi,N/A,GEN-6615166069516078797,Khoa Khám Bệnh Đa Khoa,KKB,Dụng cụ đo lường y tế,Mức A,,,,IN_SERVICE,,,,,,
131,BVQ7-TTB-00131,BM/BVQ7/00131,Nhiệt ẩm kế tự ghi,N/A,GEN-4128296634677786431,Khoa Khám Bệnh Đa Khoa,KKB,Dụng cụ đo lường y tế,Mức A,,,,IN_SERVICE,,,,,,
132,BVQ7-TTB-00132,BM/BVQ7/00132,Huyết áp kế lò xo / Áp kế y tế,N/A,GEN-8320570709377217062,Khoa Khám Bệnh Đa Khoa,KKB,Dụng cụ đo lường y tế,Mức A,,,,IN_SERVICE,,,,,,
133,BVQ7-TTB-00133,BM/BVQ7/00133,Nhiệt kế điện tử y tế,MT 550,GEN-4140575523140589252,Khoa Khám Bệnh Đa Khoa,KKB,Dụng cụ đo lường y tế,Mức A,,,,IN_SERVICE,,,,,,
134,BVQ7-TTB-00134,BM/BVQ7/00134,Tủ an toàn sinh học,N/A,GEN-7829597978227916469,Kho Lưu Trữ Thiết Bị / Chờ Cấp Phát,KHO,Thiết bị y tế khác,Mức A,,,,IN_SERVICE,,,,,,
135,BVQ7-TTB-00135,BM/BVQ7/00135,Kết quả đo độ rung và tiếng ồn,N/A,GEN-1871709993711141337,Kho Lưu Trữ Thiết Bị / Chờ Cấp Phát,KHO,Thiết bị y tế khác,Mức A,,,,IN_SERVICE,,,,,,
136,BVQ7-TTB-00136,BM/BVQ7/00136,Cân sức khỏe y tế,N/A,GEN-9094467223619424706,Khoa Khám Bệnh Đa Khoa,KKB,Thiết bị y tế khác,Mức A,,,,IN_SERVICE,,,,,,
137,BVQ7-TTB-00137,BM/BVQ7/00137,Máy theo dõi bệnh nhân (Monitor),B125,GEN-5867730600078053708,Khoa Cấp Cứu - Hồi Sức Tích Cực,ICU,Theo dõi bệnh nhân & Điện tim,Mức B,,,,IN_SERVICE,,,,,,
138,BVQ7-TTB-00138,BM/BVQ7/00138,Máy điện tim (ECG),N/A,GEN-7031859457888012700,Kho Lưu Trữ Thiết Bị / Chờ Cấp Phát,KHO,Theo dõi bệnh nhân & Điện tim,Mức B,,,,IN_SERVICE,,,,,,
139,BVQ7-TTB-00139,BM/BVQ7/00139,Máy ly tâm phòng xét nghiệm,N/A,GEN-4569558715925706459,Khoa Xét Nghiệm Y Học,XN,Thiết bị xét nghiệm & lab,Mức B,,,,IN_SERVICE,,,,,,
140,BVQ7-TTB-00140,BM/BVQ7/00140,Cân sức khỏe y tế,N/A,GEN-8668942506117884907,Khoa Khám Bệnh Đa Khoa,KKB,Thiết bị y tế khác,Mức A,,,,IN_SERVICE,,,,,,
141,BVQ7-TTB-00141,BM/BVQ7/00141,Huyết áp kế lò xo / Áp kế y tế,N/A,GEN-8890345105503201949,Khoa Khám Bệnh Đa Khoa,KKB,Dụng cụ đo lường y tế,Mức A,,,,IN_SERVICE,,,,,,
142,BVQ7-TTB-00142,BM/BVQ7/00142,Nhiệt kế điện tử y tế,N/A,GEN-7522353251683402998,Khoa Khám Bệnh Đa Khoa,KKB,Dụng cụ đo lường y tế,Mức A,,,,IN_SERVICE,,,,,,
143,BVQ7-TTB-00143,BM/BVQ7/00143,Nhiệt ẩm kế tự ghi,N/A,GEN-7626407174378209171,Khoa Khám Bệnh Đa Khoa,KKB,Dụng cụ đo lường y tế,Mức A,,,,IN_SERVICE,,,,,,
144,BVQ7-TTB-00144,BM/BVQ7/00144,Nhiệt ẩm kế tự ghi,N/A,GEN-8224497840159672224,Khoa Khám Bệnh Đa Khoa,KKB,Dụng cụ đo lường y tế,Mức A,,,,IN_SERVICE,,,,,,
145,BVQ7-TTB-00145,BM/BVQ7/00145,Máy điện tim (ECG),N/A,GEN-9143101413057667039,Kho Lưu Trữ Thiết Bị / Chờ Cấp Phát,KHO,Theo dõi bệnh nhân & Điện tim,Mức B,,,,IN_SERVICE,,,,,,
146,BVQ7-TTB-00146,BM/BVQ7/00146,Huyết áp kế lò xo / Áp kế y tế,N/A,GEN-2306300624001647549,Khoa Khám Bệnh Đa Khoa,KKB,Dụng cụ đo lường y tế,Mức A,,,,IN_SERVICE,,,,,,
147,BVQ7-TTB-00147,BM/BVQ7/00147,Máy thận nhân tạo,N/A,GEN-3981021475879405196,Đơn Vị Thận Nhân Tạo / Lọc Máu,TNT,Thận nhân tạo & Lọc máu,Mức C,,,,IN_SERVICE,,,,,,
148,BVQ7-TTB-00148,BM/BVQ7/00148,Dao mổ điện cao tần,N/A,GEN-8547369295135593027,Khoa Phẫu Thuật - GMHS / Phòng Mổ,GMHS,Thiết bị y tế khác,Mức C,,,,IN_SERVICE,,,,,,
149,BVQ7-TTB-00149,BM/BVQ7/00149,Buồng đo thính lực,N/A,GEN-6134056749473788421,Khoa Tai Mũi Họng,TMH,Thiết bị y tế khác,Mức A,,,,IN_SERVICE,,,,,,
150,BVQ7-TTB-00150,BM/BVQ7/00150,bể ổn nhiệt T10,N/A,GEN-7400246502202111161,Kho Lưu Trữ Thiết Bị / Chờ Cấp Phát,KHO,Thiết bị y tế khác,Mức A,,,,IN_SERVICE,,,,,,
151,BVQ7-TTB-00151,BM/BVQ7/00151,Máy ly tâm phòng xét nghiệm,N/A,GEN-9157792335461161459,Khoa Xét Nghiệm Y Học,XN,Thiết bị xét nghiệm & lab,Mức B,,,,IN_SERVICE,,,,,,
152,BVQ7-TTB-00152,BM/BVQ7/00152,Nhiệt ẩm kế tự ghi,N/A,GEN-4786175265408465335,Khoa Khám Bệnh Đa Khoa,KKB,Dụng cụ đo lường y tế,Mức A,,,,IN_SERVICE,,,,,,
153,BVQ7-TTB-00153,BM/BVQ7/00153,Nhiệt ẩm kế tự ghi,N/A,GEN-4751764081462734275,Khoa Khám Bệnh Đa Khoa,KKB,Dụng cụ đo lường y tế,Mức A,,,,IN_SERVICE,,,,,,
154,BVQ7-TTB-00154,BM/BVQ7/00154,Nồi hấp tiệt trùng,N/A,GEN-2655700418121751759,Trung Tâm Tiệt Trùng & KSNK (CSSD),CSSD,Thiết bị tiệt trùng & khử khuẩn,Mức B,,,,IN_SERVICE,,,,,,
155,BVQ7-TTB-00155,BM/BVQ7/00155,Nồi hấp tiệt trùng,N/A,GEN-8580629221954564815,Trung Tâm Tiệt Trùng & KSNK (CSSD),CSSD,Thiết bị tiệt trùng & khử khuẩn,Mức B,,,,IN_SERVICE,,,,,,
156,BVQ7-TTB-00156,BM/BVQ7/00156,pipet T10,N/A,GEN-4895286826298550986,Kho Lưu Trữ Thiết Bị / Chờ Cấp Phát,KHO,Thiết bị y tế khác,Mức A,,,,IN_SERVICE,,,,,,
157,BVQ7-TTB-00157,BM/BVQ7/00157,Nhiệt ẩm kế tự ghi,N/A,GEN-1658224960156761299,Khoa Khám Bệnh Đa Khoa,KKB,Dụng cụ đo lường y tế,Mức A,,,,IN_SERVICE,,,,,,
158,BVQ7-TTB-00158,BM/BVQ7/00158,Nhiệt ẩm kế tự ghi,N/A,GEN-2882764628964917106,Khoa Khám Bệnh Đa Khoa,KKB,Dụng cụ đo lường y tế,Mức A,,,,IN_SERVICE,,,,,,
159,BVQ7-TTB-00159,BM/BVQ7/00159,Huyết áp kế lò xo / Áp kế y tế,N/A,GEN-508108197763216834,Khoa Khám Bệnh Đa Khoa,KKB,Dụng cụ đo lường y tế,Mức A,,,,IN_SERVICE,,,,,,
160,BVQ7-TTB-00160,BM/BVQ7/00160,Máy phá rung tim,N/A,GEN-7777961212052607730,Khoa Cấp Cứu - Hồi Sức Tích Cực,ICU,Thiết bị y tế khác,Mức D,,,,IN_SERVICE,,,,,,
161,BVQ7-TTB-00161,BM/BVQ7/00161,Dao mổ điện cao tần,ZEUS-150,GEN-3424865578669080282,Khoa Phẫu Thuật - GMHS / Phòng Mổ,GMHS,Thiết bị y tế khác,Mức C,,,,IN_SERVICE,,,,,,
162,BVQ7-TTB-00162,BM/BVQ7/00162,GIAY PHEP X QUANG PK TAM ANH Q7-XQDD-XQR,N/A,GEN-2919948483164442335,Kho Lưu Trữ Thiết Bị / Chờ Cấp Phát,KHO,Thiết bị y tế khác,Mức A,,,,IN_SERVICE,,,,,,
163,BVQ7-TTB-00163,BM/BVQ7/00163,Máy thận nhân tạo,4008S,GEN-8788169695346914746,Đơn Vị Thận Nhân Tạo / Lọc Máu,TNT,Thiết bị y tế khác,Mức C,,,,IN_SERVICE,,,,,,
165,BVQ7-TTB-00165,BM/BVQ7/00165,GP,N/A,GEN-7395521701853216227,Kho Lưu Trữ Thiết Bị / Chờ Cấp Phát,KHO,Thiết bị y tế khác,Mức A,,,,IN_SERVICE,,,,,,
166,BVQ7-TTB-00166,BM/BVQ7/00166,Máy thận nhân tạo,4008 S,GEN-8795643205595513450,Đơn Vị Thận Nhân Tạo / Lọc Máu,TNT,Thận nhân tạo & Lọc máu,Mức C,,,,IN_SERVICE,,,,,,
168,BVQ7-TTB-00168,BM/BVQ7/00168,HỆ THỐNG ĐƯỜNG ỐNG DẪN KHÍ ÔXY Y TẾ,N/A,GEN-6264066973725330866,Kho Lưu Trữ Thiết Bị / Chờ Cấp Phát,KHO,Thiết bị y tế khác,Mức A,,,,IN_SERVICE,,,,,,
169,BVQ7-TTB-00169,BM/BVQ7/00169,Loãng xương - 513804MA,PRODIGY,GEN-1910312233482660731,Đơn Vị Thận Nhân Tạo / Lọc Máu,TNT,Thiết bị y tế khác,Mức A,,,,IN_SERVICE,,,,,,
170,BVQ7-TTB-00170,BM/BVQ7/00170,Loãng xương - 513847MA,PRODIGY,GEN-2487648854991774847,Đơn Vị Thận Nhân Tạo / Lọc Máu,TNT,Thiết bị y tế khác,Mức A,,,,IN_SERVICE,,,,,,
171,BVQ7-TTB-00171,BM/BVQ7/00171,Máy thận nhân tạo,N/A,GEN-4956457530382690594,Đơn Vị Thận Nhân Tạo / Lọc Máu,TNT,Thận nhân tạo & Lọc máu,Mức C,,,,IN_SERVICE,,,,,,
172,BVQ7-TTB-00172,BM/BVQ7/00172,Nhiệt ẩm kế tự ghi,N/A,GEN-2656587912931068449,Khoa Khám Bệnh Đa Khoa,KKB,Dụng cụ đo lường y tế,Mức A,,,,IN_SERVICE,,,,,,
173,BVQ7-TTB-00173,BM/BVQ7/00173,Nhiệt ẩm kế tự ghi,N/A,GEN-6551493578088393840,Khoa Khám Bệnh Đa Khoa,KKB,Dụng cụ đo lường y tế,Mức A,,,,IN_SERVICE,,,,,,
174,BVQ7-TTB-00174,BM/BVQ7/00174,MỤC 10. Giấy hiệu chuẩn,N/A,GEN-4960448753422541167,Kho Lưu Trữ Thiết Bị / Chờ Cấp Phát,KHO,Thiết bị y tế khác,Mức A,,,,IN_SERVICE,,,,,,
175,BVQ7-TTB-00175,BM/BVQ7/00175,MỤC 10. Giấy hiệu chuẩn,N/A,GEN-4905894767649122227,Kho Lưu Trữ Thiết Bị / Chờ Cấp Phát,KHO,Thiết bị y tế khác,Mức A,,,,IN_SERVICE,,,,,,
176,BVQ7-TTB-00176,BM/BVQ7/00176,Huyết áp kế lò xo / Áp kế y tế,N/A,GEN-8074770528840190517,Khoa Khám Bệnh Đa Khoa,KKB,Dụng cụ đo lường y tế,Mức A,,,,IN_SERVICE,,,,,,
177,BVQ7-TTB-00177,BM/BVQ7/00177,MỤC 11. Giấy kiểm đinh,N/A,GEN-4676898029385816481,Kho Lưu Trữ Thiết Bị / Chờ Cấp Phát,KHO,Thiết bị y tế khác,Mức A,,,,IN_SERVICE,,,,,,
178,BVQ7-TTB-00178,BM/BVQ7/00178,MỤC 12. Giấy hiệu chuẩn,N/A,GEN-7508565860602219102,Kho Lưu Trữ Thiết Bị / Chờ Cấp Phát,KHO,Thiết bị y tế khác,Mức A,,,,IN_SERVICE,,,,,,
179,BVQ7-TTB-00179,BM/BVQ7/00179,Huyết áp kế lò xo / Áp kế y tế,N/A,GEN-6384946133008802457,Khoa Khám Bệnh Đa Khoa,KKB,Dụng cụ đo lường y tế,Mức A,,,,IN_SERVICE,,,,,,
180,BVQ7-TTB-00180,BM/BVQ7/00180,Huyết áp kế lò xo / Áp kế y tế,N/A,GEN-4262101625059745463,Khoa Khám Bệnh Đa Khoa,KKB,Thiết bị y tế khác,Mức A,,,,IN_SERVICE,,,,,,
181,BVQ7-TTB-00181,BM/BVQ7/00181,Cân sức khỏe y tế,N/A,GEN-4411300356141985323,Khoa Khám Bệnh Đa Khoa,KKB,Thiết bị y tế khác,Mức A,,,,IN_SERVICE,,,,,,
182,BVQ7-TTB-00182,BM/BVQ7/00182,Huyết áp kế lò xo / Áp kế y tế,N/A,GEN-2003968740368297253,Khoa Khám Bệnh Đa Khoa,KKB,Thiết bị y tế khác,Mức A,,,,IN_SERVICE,,,,,,
183,BVQ7-TTB-00183,BM/BVQ7/00183,Cân sức khỏe y tế,N/A,GEN-1701871741976519151,Khoa Khám Bệnh Đa Khoa,KKB,Thiết bị y tế khác,Mức A,,,,IN_SERVICE,,,,,,
184,BVQ7-TTB-00184,BM/BVQ7/00184,Dao mổ điện cao tần,N/A,GEN-390837635114240688,Khoa Phẫu Thuật - GMHS / Phòng Mổ,GMHS,Phẫu thuật & Dao mổ điện,Mức C,,,,IN_SERVICE,,,,,,
185,BVQ7-TTB-00185,BM/BVQ7/00185,Dao mổ điện cao tần,Zeus-150,GEN-977375929463238144,Khoa Phẫu Thuật - GMHS / Phòng Mổ,GMHS,Thiết bị y tế khác,Mức C,,,,IN_SERVICE,,,,,,
186,BVQ7-TTB-00186,BM/BVQ7/00186,Máy phá rung tim,TEC-5631,GEN-1802663042785485285,Khoa Cấp Cứu - Hồi Sức Tích Cực,ICU,Thiết bị y tế khác,Mức D,,,,IN_SERVICE,,,,,,
187,BVQ7-TTB-00187,BM/BVQ7/00187,Tủ lạnh bảo quản mẫu y tế,N/A,GEN-195526063184810316,Kho Lưu Trữ Thiết Bị / Chờ Cấp Phát,KHO,Thiết bị y tế khác,Mức A,,,,IN_SERVICE,,,,,,
188,BVQ7-TTB-00188,BM/BVQ7/00188,Máy ly tâm phòng xét nghiệm,N/A,GEN-6913997257625017676,Khoa Xét Nghiệm Y Học,XN,Thiết bị xét nghiệm & lab,Mức B,,,,IN_SERVICE,,,,,,
189,BVQ7-TTB-00189,BM/BVQ7/00189,Nồi hấp tiệt trùng,N/A,GEN-7997681806543623472,Trung Tâm Tiệt Trùng & KSNK (CSSD),CSSD,Thiết bị y tế khác,Mức B,,,,IN_SERVICE,,,,,,
190,BVQ7-TTB-00190,BM/BVQ7/00190,"Cảm biến đo nồng độ bão hòa Oxy trong máu (SpO2), kiểu kẹp tay",N/A,GEN-8252527457851959943,Đơn Vị Thận Nhân Tạo / Lọc Máu,TNT,Thận nhân tạo & Lọc máu,Mức A,,,,IN_SERVICE,,,,,,
191,BVQ7-TTB-00191,BM/BVQ7/00191,Máy cạo vôi răng siêu âm,N/A,GEN-8587025417258486815,Khoa Chẩn Đoán Hình Ảnh,CDHA,Thiết bị y tế khác,Mức C,,,,IN_SERVICE,,,,,,
193,BVQ7-TTB-00193,BM/BVQ7/00193,Máy ly tâm phòng xét nghiệm,N/A,GEN-9124381481162881204,Khoa Xét Nghiệm Y Học,XN,Thiết bị y tế khác,Mức B,,,,IN_SERVICE,,,,,,
194,BVQ7-TTB-00194,BM/BVQ7/00194,Tủ mát bảo quản dược phẩm,N/A,GEN-2855233909373446096,Kho Lưu Trữ Thiết Bị / Chờ Cấp Phát,KHO,Thiết bị y tế khác,Mức A,,,,IN_SERVICE,,,,,,
195,BVQ7-TTB-00195,BM/BVQ7/00195,Kính hiển vi quang học,N/A,GEN-1264681456998737508,Kho Lưu Trữ Thiết Bị / Chờ Cấp Phát,KHO,Thiết bị y tế khác,Mức B,,,,IN_SERVICE,,,,,,
196,BVQ7-TTB-00196,BM/BVQ7/00196,Máy đo đa ký hô hấp,N/A,GEN-5560545839821715413,Kho Lưu Trữ Thiết Bị / Chờ Cấp Phát,KHO,Thiết bị y tế khác,Mức A,,,,IN_SERVICE,,,,,,
197,BVQ7-TTB-00197,BM/BVQ7/00197,Ghế máy nha khoa,N/A,GEN-6748184184650091119,Kho Lưu Trữ Thiết Bị / Chờ Cấp Phát,KHO,Thiết bị y tế khác,Mức A,,,,IN_SERVICE,,,,,,
198,BVQ7-TTB-00198,BM/BVQ7/00198,Đèn tẩy trắng răng,ZME3000,GEN-1277021551695044939,Kho Lưu Trữ Thiết Bị / Chờ Cấp Phát,KHO,Thiết bị y tế khác,Mức A,,,,IN_SERVICE,,,,,,
199,BVQ7-TTB-00199,BM/BVQ7/00199,Máy khoan cưa xương,N/A,GEN-5363226794041890512,Kho Lưu Trữ Thiết Bị / Chờ Cấp Phát,KHO,Thiết bị y tế khác,Mức A,,,,IN_SERVICE,,,,,,
200,BVQ7-TTB-00200,BM/BVQ7/00200,Hệ thống chụp cắt lớp võng mạc (OCT),N/A,GEN-3397157648465026487,Khoa Chẩn Đoán Hình Ảnh,CDHA,Thiết bị y tế khác,Mức A,,,,IN_SERVICE,,,,,,
201,BVQ7-TTB-00201,BM/BVQ7/00201,Máy đo loãng xương,PRODIGY,GEN-3044361794354388198,Đơn Vị Thận Nhân Tạo / Lọc Máu,TNT,Thiết bị y tế khác,Mức A,,,,IN_SERVICE,,,,,,
202,BVQ7-TTB-00202,BM/BVQ7/00202,Máy điều trị sóng xung kích,STL-6000 FBNT,GEN-7989553568328543455,Khoa Phục Hồi Chức Năng & YHTT,PHCN,Thiết bị y tế khác,Mức A,,,,IN_SERVICE,,,,,,
203,BVQ7-TTB-00203,BM/BVQ7/00203,Bàn nghiêng tập phục hồi chức năng,9505,GEN-4453858962624632750,Khoa Phục Hồi Chức Năng & YHTT,PHCN,Thiết bị y tế khác,Mức A,,,,IN_SERVICE,,,,,,
204,BVQ7-TTB-00204,BM/BVQ7/00204,Nox Medical - Giay uy quyen,N/A,GEN-6615076541743909487,Kho Lưu Trữ Thiết Bị / Chờ Cấp Phát,KHO,Thiết bị y tế khác,Mức A,,,,IN_SERVICE,,,,,,
205,BVQ7-TTB-00205,BM/BVQ7/00205,Máy đo đa ký hô hấp,N/A,GEN-1522842409640165986,Kho Lưu Trữ Thiết Bị / Chờ Cấp Phát,KHO,Thiết bị y tế khác,Mức A,,,,IN_SERVICE,,,,,,
206,BVQ7-TTB-00206,BM/BVQ7/00206,Invoice and packing list,N/A,GEN-3934792036657786073,Kho Lưu Trữ Thiết Bị / Chờ Cấp Phát,KHO,Thiết bị y tế khác,Mức A,,,,IN_SERVICE,,,,,,
207,BVQ7-TTB-00207,BM/BVQ7/00207,"CO A1, T3s",N/A,GEN-635492853231405466,Kho Lưu Trữ Thiết Bị / Chờ Cấp Phát,KHO,Thiết bị y tế khác,Mức A,,,,IN_SERVICE,,,,,,
208,BVQ7-TTB-00208,BM/BVQ7/00208,"CQ A1,T3s",N/A,GEN-1551963361495874312,Kho Lưu Trữ Thiết Bị / Chờ Cấp Phát,KHO,Thiết bị y tế khác,Mức A,,,,IN_SERVICE,,,,,,
209,BVQ7-TTB-00209,BM/BVQ7/00209,Máy đo đa ký hô hấp,N/A,GEN-181763411677384131,Kho Lưu Trữ Thiết Bị / Chờ Cấp Phát,KHO,Thiết bị y tế khác,Mức A,,,,IN_SERVICE,,,,,,
210,BVQ7-TTB-00210,BM/BVQ7/00210,Bản gốc,N/A,GEN-4438786317786649502,Kho Lưu Trữ Thiết Bị / Chờ Cấp Phát,KHO,Thiết bị y tế khác,Mức A,,,,IN_SERVICE,,,,,,
211,BVQ7-TTB-00211,BM/BVQ7/00211,Máy đo đa ký hô hấp,N/A,GEN-1475009090284010257,Kho Lưu Trữ Thiết Bị / Chờ Cấp Phát,KHO,Thiết bị y tế khác,Mức A,,,,IN_SERVICE,,,,,,
212,BVQ7-TTB-00212,BM/BVQ7/00212,HSTT ĐỢT 2 HĐ 20230913-003 CALAPHARCO CẬP NHẬP LẠI BBNT,N/A,GEN-9160822690992222387,Kho Lưu Trữ Thiết Bị / Chờ Cấp Phát,KHO,Thiết bị y tế khác,Mức A,,,,IN_SERVICE,,,,,,
213,BVQ7-TTB-00213,BM/BVQ7/00213,HD 240622 GOLDMED,N/A,GEN-7983101559402314337,Kho Lưu Trữ Thiết Bị / Chờ Cấp Phát,KHO,Thiết bị y tế khác,Mức A,,,,IN_SERVICE,,,,,,
214,BVQ7-TTB-00214,BM/BVQ7/00214,BBBG+BBNT,N/A,GEN-1105971376892648602,Kho Lưu Trữ Thiết Bị / Chờ Cấp Phát,KHO,Thiết bị y tế khác,Mức A,,,,IN_SERVICE,,,,,,
215,BVQ7-TTB-00215,BM/BVQ7/00215,BBBG-BBNT,N/A,GEN-3245820165592273428,Kho Lưu Trữ Thiết Bị / Chờ Cấp Phát,KHO,Thiết bị y tế khác,Mức A,,,,IN_SERVICE,,,,,,
216,BVQ7-TTB-00216,BM/BVQ7/00216,Thiên Trường,N/A,GEN-7125646566846577436,Kho Lưu Trữ Thiết Bị / Chờ Cấp Phát,KHO,Thiết bị y tế khác,Mức A,,,,IN_SERVICE,,,,,,
217,BVQ7-TTB-00217,BM/BVQ7/00217,Máy chạy thận HDF Online,N/A,GEN-7603666677828009461,Đơn Vị Thận Nhân Tạo / Lọc Máu,TNT,Thiết bị y tế khác,Mức A,,,,IN_SERVICE,,,,,,
218,BVQ7-TTB-00218,BM/BVQ7/00218,PL4 HĐ THUÊ TC 1508 2023 AN PHA,N/A,GEN-413889358400074831,Kho Lưu Trữ Thiết Bị / Chờ Cấp Phát,KHO,Thiết bị y tế khác,Mức A,,,,IN_SERVICE,,,,,,
219,BVQ7-TTB-00219,BM/BVQ7/00219,PL6 HĐ THUÊ TC 1508 2023 AN PHA,N/A,GEN-6390519790997270685,Kho Lưu Trữ Thiết Bị / Chờ Cấp Phát,KHO,Thiết bị y tế khác,Mức A,,,,IN_SERVICE,,,,,,
220,BVQ7-TTB-00220,BM/BVQ7/00220,Máy chụp X-Quang nha khoa,N/A,GEN-4718240168383967834,Khoa Chẩn Đoán Hình Ảnh,CDHA,Thiết bị y tế khác,Mức C,,,,IN_SERVICE,,,,,,
221,BVQ7-TTB-00221,BM/BVQ7/00221,TBYT (92),N/A,GEN-7967987865318773466,Kho Lưu Trữ Thiết Bị / Chờ Cấp Phát,KHO,Thiết bị y tế khác,Mức A,,,,IN_SERVICE,,,,,,
222,BVQ7-TTB-00222,BM/BVQ7/00222,Máy đo điện não (EEG),Arc Essentia EEG,GEN-1452033894215681136,Kho Lưu Trữ Thiết Bị / Chờ Cấp Phát,KHO,Thiết bị y tế khác,Mức B,,,,IN_SERVICE,,,,,,
223,BVQ7-TTB-00223,BM/BVQ7/00223,Nhiệt kế điện tử y tế,MT 550,GEN-4735829111923547426,Khoa Khám Bệnh Đa Khoa,KKB,Dụng cụ đo lường y tế,Mức A,,,,IN_SERVICE,,,,,,
224,BVQ7-TTB-00224,BM/BVQ7/00224,Dao mổ điện cao tần,ZEUS - 150,GEN-5424257294204339750,Khoa Phẫu Thuật - GMHS / Phòng Mổ,GMHS,Phẫu thuật & Dao mổ điện,Mức C,,,,IN_SERVICE,,,,,,
225,BVQ7-TTB-00225,BM/BVQ7/00225,Kết quả đo độ rung và tiếng ồn,N/A,GEN-924107302095130361,Kho Lưu Trữ Thiết Bị / Chờ Cấp Phát,KHO,Thiết bị y tế khác,Mức A,,,,IN_SERVICE,,,,,,
226,BVQ7-TTB-00226,BM/BVQ7/00226,Tủ an toàn sinh học,N/A,GEN-3821761129619056888,Kho Lưu Trữ Thiết Bị / Chờ Cấp Phát,KHO,Thiết bị y tế khác,Mức A,,,,IN_SERVICE,,,,,,
227,BVQ7-TTB-00227,BM/BVQ7/00227,Máy theo dõi bệnh nhân (Monitor),B125,GEN-2513026991459677336,Khoa Cấp Cứu - Hồi Sức Tích Cực,ICU,Theo dõi bệnh nhân & Điện tim,Mức B,,,,IN_SERVICE,,,,,,
228,BVQ7-TTB-00228,BM/BVQ7/00228,Máy điện tim (ECG),N/A,GEN-1484032222689693405,Kho Lưu Trữ Thiết Bị / Chờ Cấp Phát,KHO,Theo dõi bệnh nhân & Điện tim,Mức B,,,,IN_SERVICE,,,,,,
229,BVQ7-TTB-00229,BM/BVQ7/00229,Cân sức khỏe y tế,N/A,GEN-2670864267070503087,Khoa Khám Bệnh Đa Khoa,KKB,Thiết bị y tế khác,Mức A,,,,IN_SERVICE,,,,,,
230,BVQ7-TTB-00230,BM/BVQ7/00230,Máy ly tâm phòng xét nghiệm,N/A,GEN-4277645829501392387,Khoa Xét Nghiệm Y Học,XN,Thiết bị xét nghiệm & lab,Mức B,,,,IN_SERVICE,,,,,,
231,BVQ7-TTB-00231,BM/BVQ7/00231,Huyết áp kế lò xo / Áp kế y tế,N/A,GEN-6540852724143340283,Khoa Khám Bệnh Đa Khoa,KKB,Dụng cụ đo lường y tế,Mức A,,,,IN_SERVICE,,,,,,
232,BVQ7-TTB-00232,BM/BVQ7/00232,Nhiệt ẩm kế tự ghi,N/A,GEN-3752674509007389217,Khoa Khám Bệnh Đa Khoa,KKB,Dụng cụ đo lường y tế,Mức A,,,,IN_SERVICE,,,,,,
233,BVQ7-TTB-00233,BM/BVQ7/00233,Nhiệt ẩm kế tự ghi,N/A,GEN-612367959052365054,Khoa Khám Bệnh Đa Khoa,KKB,Dụng cụ đo lường y tế,Mức A,,,,IN_SERVICE,,,,,,
234,BVQ7-TTB-00234,BM/BVQ7/00234,Huyết áp kế lò xo / Áp kế y tế,N/A,GEN-3713111380953684429,Khoa Khám Bệnh Đa Khoa,KKB,Dụng cụ đo lường y tế,Mức A,,,,IN_SERVICE,,,,,,
235,BVQ7-TTB-00235,BM/BVQ7/00235,Máy điện tim (ECG),N/A,GEN-6286535432038271825,Kho Lưu Trữ Thiết Bị / Chờ Cấp Phát,KHO,Theo dõi bệnh nhân & Điện tim,Mức B,,,,IN_SERVICE,,,,,,
236,BVQ7-TTB-00236,BM/BVQ7/00236,Dao mổ điện cao tần,N/A,GEN-9068407939600098746,Khoa Phẫu Thuật - GMHS / Phòng Mổ,GMHS,Phẫu thuật & Dao mổ điện,Mức C,,,,IN_SERVICE,,,,,,
237,BVQ7-TTB-00237,BM/BVQ7/00237,Máy thận nhân tạo,N/A,GEN-5205129171131113361,Đơn Vị Thận Nhân Tạo / Lọc Máu,TNT,Thận nhân tạo & Lọc máu,Mức C,,,,IN_SERVICE,,,,,,
238,BVQ7-TTB-00238,BM/BVQ7/00238,bể ổn nhiệt T10,N/A,GEN-7881601376370949,Kho Lưu Trữ Thiết Bị / Chờ Cấp Phát,KHO,Thiết bị y tế khác,Mức A,,,,IN_SERVICE,,,,,,
239,BVQ7-TTB-00239,BM/BVQ7/00239,Máy ly tâm phòng xét nghiệm,N/A,GEN-3791540608797059348,Khoa Xét Nghiệm Y Học,XN,Thiết bị xét nghiệm & lab,Mức B,,,,IN_SERVICE,,,,,,
240,BVQ7-TTB-00240,BM/BVQ7/00240,Nhiệt ẩm kế tự ghi,N/A,GEN-502461134144909197,Khoa Khám Bệnh Đa Khoa,KKB,Dụng cụ đo lường y tế,Mức A,,,,IN_SERVICE,,,,,,
241,BVQ7-TTB-00241,BM/BVQ7/00241,Nhiệt ẩm kế tự ghi,N/A,GEN-2743659441102658807,Khoa Khám Bệnh Đa Khoa,KKB,Dụng cụ đo lường y tế,Mức A,,,,IN_SERVICE,,,,,,
242,BVQ7-TTB-00242,BM/BVQ7/00242,Nồi hấp tiệt trùng,N/A,GEN-6454059942019573505,Trung Tâm Tiệt Trùng & KSNK (CSSD),CSSD,Thiết bị tiệt trùng & khử khuẩn,Mức B,,,,IN_SERVICE,,,,,,
243,BVQ7-TTB-00243,BM/BVQ7/00243,Máy phá rung tim,N/A,GEN-5970318855217696589,Khoa Cấp Cứu - Hồi Sức Tích Cực,ICU,Cấp cứu & Máy phá rung tim,Mức D,,,,IN_SERVICE,,,,,,
244,BVQ7-TTB-00244,BM/BVQ7/00244,Nồi hấp tiệt trùng,N/A,GEN-6886862104933318271,Trung Tâm Tiệt Trùng & KSNK (CSSD),CSSD,Thiết bị tiệt trùng & khử khuẩn,Mức B,,,,IN_SERVICE,,,,,,
245,BVQ7-TTB-00245,BM/BVQ7/00245,pipet T10,N/A,GEN-9125090869777051920,Kho Lưu Trữ Thiết Bị / Chờ Cấp Phát,KHO,Thiết bị y tế khác,Mức A,,,,IN_SERVICE,,,,,,
246,BVQ7-TTB-00246,BM/BVQ7/00246,Nhiệt ẩm kế tự ghi,N/A,GEN-5153679602018899894,Khoa Khám Bệnh Đa Khoa,KKB,Dụng cụ đo lường y tế,Mức A,,,,IN_SERVICE,,,,,,
247,BVQ7-TTB-00247,BM/BVQ7/00247,Nhiệt ẩm kế tự ghi,N/A,GEN-1858172408806401105,Khoa Khám Bệnh Đa Khoa,KKB,Dụng cụ đo lường y tế,Mức A,,,,IN_SERVICE,,,,,,
248,BVQ7-TTB-00248,BM/BVQ7/00248,Huyết áp kế lò xo / Áp kế y tế,N/A,GEN-4902211964233529124,Khoa Khám Bệnh Đa Khoa,KKB,Dụng cụ đo lường y tế,Mức A,,,,IN_SERVICE,,,,,,
249,BVQ7-TTB-00249,BM/BVQ7/00249,Dao mổ điện cao tần,ZEUS - 150,GEN-1119894579931041191,Khoa Phẫu Thuật - GMHS / Phòng Mổ,GMHS,Phẫu thuật & Dao mổ điện,Mức C,,,,IN_SERVICE,,,,,,
250,BVQ7-TTB-00250,BM/BVQ7/00250,Huyết áp kế lò xo / Áp kế y tế,N/A,GEN-2749651205713544539,Khoa Khám Bệnh Đa Khoa,KKB,Dụng cụ đo lường y tế,Mức A,,,,IN_SERVICE,,,,,,
251,BVQ7-TTB-00251,BM/BVQ7/00251,Huyết áp kế lò xo / Áp kế y tế,N/A,GEN-2295562058079339992,Khoa Khám Bệnh Đa Khoa,KKB,Dụng cụ đo lường y tế,Mức A,,,,IN_SERVICE,,,,,,
252,BVQ7-TTB-00252,BM/BVQ7/00252,Cân sức khỏe y tế,N/A,GEN-2796774500974134987,Khoa Khám Bệnh Đa Khoa,KKB,Thiết bị y tế khác,Mức A,,,,IN_SERVICE,,,,,,
253,BVQ7-TTB-00253,BM/BVQ7/00253,Nhiệt ẩm kế tự ghi,N/A,GEN-4311765227399984566,Khoa Khám Bệnh Đa Khoa,KKB,Dụng cụ đo lường y tế,Mức A,,,,IN_SERVICE,,,,,,
254,BVQ7-TTB-00254,BM/BVQ7/00254,Nhiệt kế điện tử y tế,N/A,GEN-3223314366458883723,Khoa Khám Bệnh Đa Khoa,KKB,Dụng cụ đo lường y tế,Mức A,,,,IN_SERVICE,,,,,,
255,BVQ7-TTB-00255,BM/BVQ7/00255,Máy theo dõi bệnh nhân (Monitor),B125,GEN-1036662355787595913,Khoa Cấp Cứu - Hồi Sức Tích Cực,ICU,Theo dõi bệnh nhân & Điện tim,Mức B,,,,IN_SERVICE,,,,,,
256,BVQ7-TTB-00256,BM/BVQ7/00256,Huyết áp điện tử,N/A,GEN-4993156992419027190,Khoa Khám Bệnh Đa Khoa,KKB,Dụng cụ đo lường y tế,Mức A,,,,IN_SERVICE,,,,,,
257,BVQ7-TTB-00257,BM/BVQ7/00257,Máy điện tim (ECG),N/A,GEN-4264103939658874030,Kho Lưu Trữ Thiết Bị / Chờ Cấp Phát,KHO,Theo dõi bệnh nhân & Điện tim,Mức B,,,,IN_SERVICE,,,,,,
258,BVQ7-TTB-00258,BM/BVQ7/00258,Nhiệt ẩm kế tự ghi,N/A,GEN-2021213033375467174,Khoa Khám Bệnh Đa Khoa,KKB,Dụng cụ đo lường y tế,Mức A,,,,IN_SERVICE,,,,,,
259,BVQ7-TTB-00259,BM/BVQ7/00259,tnt Fresenius,N/A,GEN-1004144566180636023,Đơn Vị Thận Nhân Tạo / Lọc Máu,TNT,Thiết bị y tế khác,Mức A,,,,IN_SERVICE,,,,,,
260,BVQ7-TTB-00260,BM/BVQ7/00260,RO máy rửa quả lọc TNT,N/A,GEN-6397559373320989250,Đơn Vị Thận Nhân Tạo / Lọc Máu,TNT,Thận nhân tạo & Lọc máu,Mức A,,,,IN_SERVICE,,,,,,
261,BVQ7-TTB-00261,BM/BVQ7/00261,RO máy thận TNT,N/A,GEN-1135224266508812122,Đơn Vị Thận Nhân Tạo / Lọc Máu,TNT,Thận nhân tạo & Lọc máu,Mức A,,,,IN_SERVICE,,,,,,
262,BVQ7-TTB-00262,BM/BVQ7/00262,tủ ATSH,N/A,GEN-850468404825692990,Kho Lưu Trữ Thiết Bị / Chờ Cấp Phát,KHO,Thiết bị y tế khác,Mức A,,,,IN_SERVICE,,,,,,
264,BVQ7-TTB-00264,BM/BVQ7/00264,Nghiệm Thu - xác nhận khối lượng CV,N/A,GEN-7604170290961008018,Kho Lưu Trữ Thiết Bị / Chờ Cấp Phát,KHO,Thiết bị y tế khác,Mức A,,,,IN_SERVICE,,,,,,
265,BVQ7-TTB-00265,BM/BVQ7/00265,Scan NT,N/A,GEN-3163388797085464880,Kho Lưu Trữ Thiết Bị / Chờ Cấp Phát,KHO,Thiết bị y tế khác,Mức A,,,,IN_SERVICE,,,,,,
266,BVQ7-TTB-00266,BM/BVQ7/00266,Huyết áp kế lò xo / Áp kế y tế,N/A,GEN-4126130668383899601,Khoa Khám Bệnh Đa Khoa,KKB,Dụng cụ đo lường y tế,Mức A,,,,IN_SERVICE,,,,,,
267,BVQ7-TTB-00267,BM/BVQ7/00267,Cân sức khỏe y tế,N/A,GEN-3044948722771062168,Khoa Khám Bệnh Đa Khoa,KKB,Thiết bị y tế khác,Mức A,,,,IN_SERVICE,,,,,,
268,BVQ7-TTB-00268,BM/BVQ7/00268,Máy thở chuyên dụng,TV-100,GEN-309305034130240857,Khoa Cấp Cứu - Hồi Sức Tích Cực,ICU,Máy thở & Hô hấp,Mức D,,,,IN_SERVICE,,,,,,
269,BVQ7-TTB-00269,BM/BVQ7/00269,Máy thận nhân tạo,4008 S,GEN-565850913889830939,Đơn Vị Thận Nhân Tạo / Lọc Máu,TNT,Thận nhân tạo & Lọc máu,Mức C,,,,IN_SERVICE,,,,,,
270,BVQ7-TTB-00270,BM/BVQ7/00270,Nồi hấp tiệt trùng,N/A,GEN-2670647919319830040,Trung Tâm Tiệt Trùng & KSNK (CSSD),CSSD,Thiết bị tiệt trùng & khử khuẩn,Mức B,,,,IN_SERVICE,,,,,,
271,BVQ7-TTB-00271,BM/BVQ7/00271,Máy thở chuyên dụng,Astral 150,GEN-1473493607586568207,Khoa Cấp Cứu - Hồi Sức Tích Cực,ICU,Máy thở & Hô hấp,Mức D,,,,IN_SERVICE,,,,,,
272,BVQ7-TTB-00272,BM/BVQ7/00272,Máy thở vận chuyển bệnh nhân,Astral 150,GEN-3619432750872748297,Khoa Cấp Cứu - Hồi Sức Tích Cực,ICU,Thiết bị y tế khác,Mức D,,,,IN_SERVICE,,,,,,
273,BVQ7-TTB-00273,BM/BVQ7/00273,Nhiệt kế điện tử y tế,N/A,GEN-8293916546455760762,Khoa Khám Bệnh Đa Khoa,KKB,Dụng cụ đo lường y tế,Mức A,,,,IN_SERVICE,,,,,,
274,BVQ7-TTB-00274,BM/BVQ7/00274,Nhiệt ẩm kế tự ghi,N/A,GEN-7498957111689306599,Khoa Khám Bệnh Đa Khoa,KKB,Dụng cụ đo lường y tế,Mức A,,,,IN_SERVICE,,,,,,
275,BVQ7-TTB-00275,BM/BVQ7/00275,Nhiệt ẩm kế tự ghi,N/A,GEN-162848565386123552,Khoa Khám Bệnh Đa Khoa,KKB,Dụng cụ đo lường y tế,Mức A,,,,IN_SERVICE,,,,,,
276,BVQ7-TTB-00276,BM/BVQ7/00276,Máy đo điện não (EEG),Arc Essentia EEG,GEN-3132547129551835573,Kho Lưu Trữ Thiết Bị / Chờ Cấp Phát,KHO,Thiết bị y tế khác,Mức B,,,,IN_SERVICE,,,,,,
277,BVQ7-TTB-00277,BM/BVQ7/00277,Dao mổ điện cao tần,ZEUS - 150,GEN-428915831638199158,Khoa Phẫu Thuật - GMHS / Phòng Mổ,GMHS,Thiết bị y tế khác,Mức C,,,,IN_SERVICE,,,,,,
278,BVQ7-TTB-00278,BM/BVQ7/00278,Máy ly tâm phòng xét nghiệm,N/A,GEN-8547848241350521415,Khoa Xét Nghiệm Y Học,XN,Thiết bị xét nghiệm & lab,Mức B,,,,IN_SERVICE,,,,,,
279,BVQ7-TTB-00279,BM/BVQ7/00279,Nhiệt kế y tế,N/A,GEN-280472240330394146,Khoa Khám Bệnh Đa Khoa,KKB,Dụng cụ đo lường y tế,Mức A,,,,IN_SERVICE,,,,,,
280,BVQ7-TTB-00280,BM/BVQ7/00280,Nhiệt ẩm kế tự ghi,N/A,GEN-7673478456322732028,Khoa Khám Bệnh Đa Khoa,KKB,Dụng cụ đo lường y tế,Mức A,,,,IN_SERVICE,,,,,,
281,BVQ7-TTB-00281,BM/BVQ7/00281,Pipet,N/A,GEN-5288221136209520947,Kho Lưu Trữ Thiết Bị / Chờ Cấp Phát,KHO,Thiết bị y tế khác,Mức A,,,,IN_SERVICE,,,,,,
282,BVQ7-TTB-00282,BM/BVQ7/00282,Tủ an toàn sinh học,N/A,GEN-6428496184083278149,Kho Lưu Trữ Thiết Bị / Chờ Cấp Phát,KHO,Thiết bị y tế khác,Mức A,,,,IN_SERVICE,,,,,,
283,BVQ7-TTB-00283,BM/BVQ7/00283,Tủ lạnh bảo quản mẫu y tế,N/A,GEN-7486313815992773564,Kho Lưu Trữ Thiết Bị / Chờ Cấp Phát,KHO,Thiết bị y tế khác,Mức A,,,,IN_SERVICE,,,,,,
284,BVQ7-TTB-00284,BM/BVQ7/00284,Tủ lạnh bảo quản mẫu y tế,N/A,GEN-3768422764082010221,Kho Lưu Trữ Thiết Bị / Chờ Cấp Phát,KHO,Thiết bị y tế khác,Mức A,,,,IN_SERVICE,,,,,,
285,BVQ7-TTB-00285,BM/BVQ7/00285,Tủ lạnh bảo quản mẫu y tế,N/A,GEN-5176330628131490298,Kho Lưu Trữ Thiết Bị / Chờ Cấp Phát,KHO,Thiết bị y tế khác,Mức A,,,,IN_SERVICE,,,,,,
286,BVQ7-TTB-00286,BM/BVQ7/00286,Cân các loại,N/A,GEN-4283256122420250146,Kho Lưu Trữ Thiết Bị / Chờ Cấp Phát,KHO,Thiết bị y tế khác,Mức A,,,,IN_SERVICE,,,,,,
287,BVQ7-TTB-00287,BM/BVQ7/00287,Huyết áp kế lò xo / Áp kế y tế,N/A,GEN-8878665304666984314,Khoa Khám Bệnh Đa Khoa,KKB,Dụng cụ đo lường y tế,Mức A,,,,IN_SERVICE,,,,,,
288,BVQ7-TTB-00288,BM/BVQ7/00288,Huyết áp kế lò xo / Áp kế y tế,N/A,GEN-9207952911863152503,Khoa Khám Bệnh Đa Khoa,KKB,Dụng cụ đo lường y tế,Mức A,,,,IN_SERVICE,,,,,,
289,BVQ7-TTB-00289,BM/BVQ7/00289,Nhiệt ẩm kế tự ghi,N/A,GEN-4523465588245749080,Khoa Khám Bệnh Đa Khoa,KKB,Dụng cụ đo lường y tế,Mức A,,,,IN_SERVICE,,,,,,
290,BVQ7-TTB-00290,BM/BVQ7/00290,Nhiệt ẩm kế tự ghi,N/A,GEN-9017457857224829588,Khoa Khám Bệnh Đa Khoa,KKB,Dụng cụ đo lường y tế,Mức A,,,,IN_SERVICE,,,,,,
291,BVQ7-TTB-00291,BM/BVQ7/00291,Huyết áp kế lò xo / Áp kế y tế,N/A,GEN-255164305923342917,Khoa Khám Bệnh Đa Khoa,KKB,Dụng cụ đo lường y tế,Mức A,,,,IN_SERVICE,,,,,,
292,BVQ7-TTB-00292,BM/BVQ7/00292,Nhiệt kế điện tử y tế,MT 550,GEN-6690021081583238539,Khoa Khám Bệnh Đa Khoa,KKB,Dụng cụ đo lường y tế,Mức A,,,,IN_SERVICE,,,,,,
293,BVQ7-TTB-00293,BM/BVQ7/00293,Tủ an toàn sinh học,N/A,GEN-7424598159965164205,Kho Lưu Trữ Thiết Bị / Chờ Cấp Phát,KHO,Thiết bị y tế khác,Mức A,,,,IN_SERVICE,,,,,,
294,BVQ7-TTB-00294,BM/BVQ7/00294,Kết quả đo độ rung và tiếng ồn,N/A,GEN-754381156346270473,Kho Lưu Trữ Thiết Bị / Chờ Cấp Phát,KHO,Thiết bị y tế khác,Mức A,,,,IN_SERVICE,,,,,,
295,BVQ7-TTB-00295,BM/BVQ7/00295,Cân sức khỏe y tế,N/A,GEN-2959351605326051904,Khoa Khám Bệnh Đa Khoa,KKB,Thiết bị y tế khác,Mức A,,,,IN_SERVICE,,,,,,
296,BVQ7-TTB-00296,BM/BVQ7/00296,Máy theo dõi bệnh nhân (Monitor),B125,GEN-7587802025882662933,Khoa Cấp Cứu - Hồi Sức Tích Cực,ICU,Theo dõi bệnh nhân & Điện tim,Mức B,,,,IN_SERVICE,,,,,,
297,BVQ7-TTB-00297,BM/BVQ7/00297,Máy điện tim (ECG),N/A,GEN-6994709975046315587,Kho Lưu Trữ Thiết Bị / Chờ Cấp Phát,KHO,Theo dõi bệnh nhân & Điện tim,Mức B,,,,IN_SERVICE,,,,,,
298,BVQ7-TTB-00298,BM/BVQ7/00298,Máy ly tâm phòng xét nghiệm,N/A,GEN-742894007416490703,Khoa Xét Nghiệm Y Học,XN,Thiết bị xét nghiệm & lab,Mức B,,,,IN_SERVICE,,,,,,
299,BVQ7-TTB-00299,BM/BVQ7/00299,Cân sức khỏe y tế,N/A,GEN-2619996775608198458,Khoa Khám Bệnh Đa Khoa,KKB,Thiết bị y tế khác,Mức A,,,,IN_SERVICE,,,,,,
300,BVQ7-TTB-00300,BM/BVQ7/00300,Huyết áp kế lò xo / Áp kế y tế,N/A,GEN-8664173806091351606,Khoa Khám Bệnh Đa Khoa,KKB,Dụng cụ đo lường y tế,Mức A,,,,IN_SERVICE,,,,,,
301,BVQ7-TTB-00301,BM/BVQ7/00301,Nhiệt kế điện tử y tế,N/A,GEN-1207917620530650511,Khoa Khám Bệnh Đa Khoa,KKB,Dụng cụ đo lường y tế,Mức A,,,,IN_SERVICE,,,,,,
302,BVQ7-TTB-00302,BM/BVQ7/00302,Nhiệt ẩm kế tự ghi,N/A,GEN-205650998385418821,Khoa Khám Bệnh Đa Khoa,KKB,Dụng cụ đo lường y tế,Mức A,,,,IN_SERVICE,,,,,,
303,BVQ7-TTB-00303,BM/BVQ7/00303,Nhiệt ẩm kế tự ghi,N/A,GEN-5542880907667775620,Khoa Khám Bệnh Đa Khoa,KKB,Dụng cụ đo lường y tế,Mức A,,,,IN_SERVICE,,,,,,
304,BVQ7-TTB-00304,BM/BVQ7/00304,Máy điện tim (ECG),N/A,GEN-6388850243525194669,Kho Lưu Trữ Thiết Bị / Chờ Cấp Phát,KHO,Theo dõi bệnh nhân & Điện tim,Mức B,,,,IN_SERVICE,,,,,,
305,BVQ7-TTB-00305,BM/BVQ7/00305,Huyết áp kế lò xo / Áp kế y tế,N/A,GEN-4036632187820905756,Khoa Khám Bệnh Đa Khoa,KKB,Dụng cụ đo lường y tế,Mức A,,,,IN_SERVICE,,,,,,
306,BVQ7-TTB-00306,BM/BVQ7/00306,Máy thận nhân tạo,N/A,GEN-6952321986270097687,Đơn Vị Thận Nhân Tạo / Lọc Máu,TNT,Thận nhân tạo & Lọc máu,Mức C,,,,IN_SERVICE,,,,,,
307,BVQ7-TTB-00307,BM/BVQ7/00307,Dao mổ điện cao tần,N/A,GEN-3175726763332589963,Khoa Phẫu Thuật - GMHS / Phòng Mổ,GMHS,Thiết bị y tế khác,Mức C,,,,IN_SERVICE,,,,,,
308,BVQ7-TTB-00308,BM/BVQ7/00308,Buồng đo thính lực,N/A,GEN-675212961547407911,Khoa Tai Mũi Họng,TMH,Thiết bị y tế khác,Mức A,,,,IN_SERVICE,,,,,,
309,BVQ7-TTB-00309,BM/BVQ7/00309,bể ổn nhiệt T10,N/A,GEN-4265198995635858265,Kho Lưu Trữ Thiết Bị / Chờ Cấp Phát,KHO,Thiết bị y tế khác,Mức A,,,,IN_SERVICE,,,,,,
310,BVQ7-TTB-00310,BM/BVQ7/00310,Máy ly tâm phòng xét nghiệm,N/A,GEN-306489810991637402,Khoa Xét Nghiệm Y Học,XN,Thiết bị xét nghiệm & lab,Mức B,,,,IN_SERVICE,,,,,,
311,BVQ7-TTB-00311,BM/BVQ7/00311,Nhiệt ẩm kế tự ghi,N/A,GEN-8841984103608419323,Khoa Khám Bệnh Đa Khoa,KKB,Dụng cụ đo lường y tế,Mức A,,,,IN_SERVICE,,,,,,
312,BVQ7-TTB-00312,BM/BVQ7/00312,Nhiệt ẩm kế tự ghi,N/A,GEN-3337507010787391644,Khoa Khám Bệnh Đa Khoa,KKB,Dụng cụ đo lường y tế,Mức A,,,,IN_SERVICE,,,,,,
313,BVQ7-TTB-00313,BM/BVQ7/00313,Nồi hấp tiệt trùng,N/A,GEN-6690278076533189172,Trung Tâm Tiệt Trùng & KSNK (CSSD),CSSD,Thiết bị tiệt trùng & khử khuẩn,Mức B,,,,IN_SERVICE,,,,,,
314,BVQ7-TTB-00314,BM/BVQ7/00314,Nồi hấp tiệt trùng,N/A,GEN-3715441206334293167,Trung Tâm Tiệt Trùng & KSNK (CSSD),CSSD,Thiết bị tiệt trùng & khử khuẩn,Mức B,,,,IN_SERVICE,,,,,,
315,BVQ7-TTB-00315,BM/BVQ7/00315,pipet T10,N/A,GEN-3394751941626478953,Kho Lưu Trữ Thiết Bị / Chờ Cấp Phát,KHO,Thiết bị y tế khác,Mức A,,,,IN_SERVICE,,,,,,
316,BVQ7-TTB-00316,BM/BVQ7/00316,Nhiệt ẩm kế tự ghi,N/A,GEN-141734055080864666,Khoa Khám Bệnh Đa Khoa,KKB,Dụng cụ đo lường y tế,Mức A,,,,IN_SERVICE,,,,,,
317,BVQ7-TTB-00317,BM/BVQ7/00317,Nhiệt ẩm kế tự ghi,N/A,GEN-8506523795462960213,Khoa Khám Bệnh Đa Khoa,KKB,Dụng cụ đo lường y tế,Mức A,,,,IN_SERVICE,,,,,,
318,BVQ7-TTB-00318,BM/BVQ7/00318,Huyết áp kế lò xo / Áp kế y tế,N/A,GEN-3052636533290713981,Khoa Khám Bệnh Đa Khoa,KKB,Dụng cụ đo lường y tế,Mức A,,,,IN_SERVICE,,,,,,
319,BVQ7-TTB-00319,BM/BVQ7/00319,Máy phá rung tim,N/A,GEN-7404180104554071771,Khoa Cấp Cứu - Hồi Sức Tích Cực,ICU,Thiết bị y tế khác,Mức D,,,,IN_SERVICE,,,,,,
320,BVQ7-TTB-00320,BM/BVQ7/00320,Dao mổ điện cao tần,ZEUS-150,GEN-3339805598784448740,Khoa Phẫu Thuật - GMHS / Phòng Mổ,GMHS,Thiết bị y tế khác,Mức C,,,,IN_SERVICE,,,,,,
321,BVQ7-TTB-00321,BM/BVQ7/00321,GIAY PHEP X QUANG PK TAM ANH Q7-XQDD-XQR,N/A,GEN-8573365585054180276,Kho Lưu Trữ Thiết Bị / Chờ Cấp Phát,KHO,Thiết bị y tế khác,Mức A,,,,IN_SERVICE,,,,,,
322,BVQ7-TTB-00322,BM/BVQ7/00322,Máy thận nhân tạo,4008S,GEN-3961002039425997007,Đơn Vị Thận Nhân Tạo / Lọc Máu,TNT,Thiết bị y tế khác,Mức C,,,,IN_SERVICE,,,,,,
324,BVQ7-TTB-00324,BM/BVQ7/00324,GP,N/A,GEN-8915685939473859968,Kho Lưu Trữ Thiết Bị / Chờ Cấp Phát,KHO,Thiết bị y tế khác,Mức A,,,,IN_SERVICE,,,,,,
325,BVQ7-TTB-00325,BM/BVQ7/00325,Máy thận nhân tạo,4008 S,GEN-6080610624012638572,Đơn Vị Thận Nhân Tạo / Lọc Máu,TNT,Thận nhân tạo & Lọc máu,Mức C,,,,IN_SERVICE,,,,,,
327,BVQ7-TTB-00327,BM/BVQ7/00327,HỆ THỐNG ĐƯỜNG ỐNG DẪN KHÍ ÔXY Y TẾ,N/A,GEN-5080700597215832194,Kho Lưu Trữ Thiết Bị / Chờ Cấp Phát,KHO,Thiết bị y tế khác,Mức A,,,,IN_SERVICE,,,,,,
328,BVQ7-TTB-00328,BM/BVQ7/00328,Loãng xương - 513804MA,PRODIGY,GEN-7591955221393486461,Đơn Vị Thận Nhân Tạo / Lọc Máu,TNT,Thiết bị y tế khác,Mức A,,,,IN_SERVICE,,,,,,
329,BVQ7-TTB-00329,BM/BVQ7/00329,Loãng xương - 513847MA,PRODIGY,GEN-3776249533587364425,Đơn Vị Thận Nhân Tạo / Lọc Máu,TNT,Thiết bị y tế khác,Mức A,,,,IN_SERVICE,,,,,,
330,BVQ7-TTB-00330,BM/BVQ7/00330,Máy thận nhân tạo,N/A,GEN-7714258291293043232,Đơn Vị Thận Nhân Tạo / Lọc Máu,TNT,Thận nhân tạo & Lọc máu,Mức C,,,,IN_SERVICE,,,,,,
331,BVQ7-TTB-00331,BM/BVQ7/00331,Nhiệt ẩm kế tự ghi,N/A,GEN-5679550631705159113,Khoa Khám Bệnh Đa Khoa,KKB,Dụng cụ đo lường y tế,Mức A,,,,IN_SERVICE,,,,,,
332,BVQ7-TTB-00332,BM/BVQ7/00332,Nhiệt ẩm kế tự ghi,N/A,GEN-9191006806364413218,Khoa Khám Bệnh Đa Khoa,KKB,Dụng cụ đo lường y tế,Mức A,,,,IN_SERVICE,,,,,,
333,BVQ7-TTB-00333,BM/BVQ7/00333,MỤC 10. Giấy hiệu chuẩn,N/A,GEN-3415919016314919860,Kho Lưu Trữ Thiết Bị / Chờ Cấp Phát,KHO,Thiết bị y tế khác,Mức A,,,,IN_SERVICE,,,,,,
334,BVQ7-TTB-00334,BM/BVQ7/00334,MỤC 10. Giấy hiệu chuẩn,N/A,GEN-3538828650852753809,Kho Lưu Trữ Thiết Bị / Chờ Cấp Phát,KHO,Thiết bị y tế khác,Mức A,,,,IN_SERVICE,,,,,,
335,BVQ7-TTB-00335,BM/BVQ7/00335,Huyết áp kế lò xo / Áp kế y tế,N/A,GEN-6697362544598972404,Khoa Khám Bệnh Đa Khoa,KKB,Dụng cụ đo lường y tế,Mức A,,,,IN_SERVICE,,,,,,
336,BVQ7-TTB-00336,BM/BVQ7/00336,MỤC 11. Giấy kiểm đinh,N/A,GEN-7258713473367177513,Kho Lưu Trữ Thiết Bị / Chờ Cấp Phát,KHO,Thiết bị y tế khác,Mức A,,,,IN_SERVICE,,,,,,
337,BVQ7-TTB-00337,BM/BVQ7/00337,MỤC 12. Giấy hiệu chuẩn,N/A,GEN-8963443231021908331,Kho Lưu Trữ Thiết Bị / Chờ Cấp Phát,KHO,Thiết bị y tế khác,Mức A,,,,IN_SERVICE,,,,,,
338,BVQ7-TTB-00338,BM/BVQ7/00338,Huyết áp kế lò xo / Áp kế y tế,N/A,GEN-6869918665764015246,Khoa Khám Bệnh Đa Khoa,KKB,Dụng cụ đo lường y tế,Mức A,,,,IN_SERVICE,,,,,,
339,BVQ7-TTB-00339,BM/BVQ7/00339,Huyết áp kế lò xo / Áp kế y tế,N/A,GEN-7425609605805721928,Khoa Khám Bệnh Đa Khoa,KKB,Thiết bị y tế khác,Mức A,,,,IN_SERVICE,,,,,,
340,BVQ7-TTB-00340,BM/BVQ7/00340,Cân sức khỏe y tế,N/A,GEN-3919121081278318596,Khoa Khám Bệnh Đa Khoa,KKB,Thiết bị y tế khác,Mức A,,,,IN_SERVICE,,,,,,
341,BVQ7-TTB-00341,BM/BVQ7/00341,Huyết áp kế lò xo / Áp kế y tế,N/A,GEN-8729236906143704467,Khoa Khám Bệnh Đa Khoa,KKB,Thiết bị y tế khác,Mức A,,,,IN_SERVICE,,,,,,
342,BVQ7-TTB-00342,BM/BVQ7/00342,Cân sức khỏe y tế,N/A,GEN-7959826142513677668,Khoa Khám Bệnh Đa Khoa,KKB,Thiết bị y tế khác,Mức A,,,,IN_SERVICE,,,,,,
343,BVQ7-TTB-00343,BM/BVQ7/00343,Dao mổ điện cao tần,N/A,GEN-6869808769407519406,Khoa Phẫu Thuật - GMHS / Phòng Mổ,GMHS,Phẫu thuật & Dao mổ điện,Mức C,,,,IN_SERVICE,,,,,,
344,BVQ7-TTB-00344,BM/BVQ7/00344,Dao mổ điện cao tần,Zeus-150,GEN-3549412693922799074,Khoa Phẫu Thuật - GMHS / Phòng Mổ,GMHS,Thiết bị y tế khác,Mức C,,,,IN_SERVICE,,,,,,
345,BVQ7-TTB-00345,BM/BVQ7/00345,Máy phá rung tim,TEC-5631,GEN-4408014080587235381,Khoa Cấp Cứu - Hồi Sức Tích Cực,ICU,Thiết bị y tế khác,Mức D,,,,IN_SERVICE,,,,,,
346,BVQ7-TTB-00346,BM/BVQ7/00346,Tủ lạnh bảo quản mẫu y tế,N/A,GEN-3583348328929100850,Kho Lưu Trữ Thiết Bị / Chờ Cấp Phát,KHO,Thiết bị y tế khác,Mức A,,,,IN_SERVICE,,,,,,
347,BVQ7-TTB-00347,BM/BVQ7/00347,Máy ly tâm phòng xét nghiệm,N/A,GEN-5889687569297051058,Khoa Xét Nghiệm Y Học,XN,Thiết bị xét nghiệm & lab,Mức B,,,,IN_SERVICE,,,,,,
348,BVQ7-TTB-00348,BM/BVQ7/00348,Nồi hấp tiệt trùng,N/A,GEN-453698107545799699,Trung Tâm Tiệt Trùng & KSNK (CSSD),CSSD,Thiết bị y tế khác,Mức B,,,,IN_SERVICE,,,,,,
349,BVQ7-TTB-00349,BM/BVQ7/00349,Máy thở chuyên dụng,TV - 100,TX2301031,Khoa Cấp Cứu - Hồi Sức Tích Cực,ICU,Máy thở & Hô hấp,Mức D,Bio – Med Device,Giấy chứng nhận kiểm định,2026,IN_SERVICE,,2026-01-07,2027-01-06,023.01.26Y,07120,
350,BVQ7-TTB-00350,BM/BVQ7/00350,Máy thở chuyên dụng,TV - 100,GEN-5895729935076239136,Khoa Cấp Cứu - Hồi Sức Tích Cực,ICU,Máy thở & Hô hấp,Mức D,,,,IN_SERVICE,,,,,,
351,BVQ7-TTB-00351,BM/BVQ7/00351,Máy thận nhân tạo,5008S,5VSA0Z25,Đơn Vị Thận Nhân Tạo / Lọc Máu,TNT,Thận nhân tạo & Lọc máu,Mức C,Fresenius Medical Care,Giấy chứng nhận kiểm định an toàn và tính năng kỹ thuật,2026,IN_SERVICE,,2026-01-07,2027-01-06,0024.01.26Y,5VSA0Z25,
352,BVQ7-TTB-00352,BM/BVQ7/00352,Dao mổ điện cao tần,Zeus-150,A07COAT0477,Khoa Phẫu Thuật - GMHS / Phòng Mổ,GMHS,Phẫu thuật & Dao mổ điện,Mức C,Zerone,Hàn Quốc,2026,IN_SERVICE,,2026-02-07,2027-02-06,0084.02.26Y,00443,
353,BVQ7-TTB-00353,BM/BVQ7/00353,Dao mổ điện cao tần,Zeus-150,GEN-3421867520487950905,Khoa Phẫu Thuật - GMHS / Phòng Mổ,GMHS,Phẫu thuật & Dao mổ điện,Mức C,,,,IN_SERVICE,,,,,,
354,BVQ7-TTB-00354,BM/BVQ7/00354,DAO MỎ ĐIỆN CAO TÀN,Zeus-150,A07COAT0484,Khoa Phẫu Thuật - GMHS / Phòng Mổ,GMHS,Thiết bị y tế khác,Mức A,Zerone,Giấy chứng nhận kiểm định an toàn và tính năng kỹ thuật,2026,IN_SERVICE,,2026-02-07,2027-02-06,0085.02.26Y,A07COAT0484,
355,BVQ7-TTB-00355,BM/BVQ7/00355,Y-DAO MỎ ĐIỆN CAO TÀN-A07COAT0484-07-02,Zeus-150,GEN-6694718561701800805,Khoa Phẫu Thuật - GMHS / Phòng Mổ,GMHS,Thiết bị y tế khác,Mức A,,,,IN_SERVICE,,,,,,
356,BVQ7-TTB-00356,BM/BVQ7/00356,Dao mổ điện cao tần,VIO® 300S,1157011,Khoa Phẫu Thuật - GMHS / Phòng Mổ,GMHS,Phẫu thuật & Dao mổ điện,Mức C,Erbe,,2026,IN_SERVICE,,2026-02-07,2027-02-06,0086.02.26Y,00445,
357,BVQ7-TTB-00357,BM/BVQ7/00357,Dao mổ điện cao tần,N/A,GEN-7389417708199552497,Khoa Phẫu Thuật - GMHS / Phòng Mổ,GMHS,Phẫu thuật & Dao mổ điện,Mức C,,,,IN_SERVICE,,,,,,
358,BVQ7-TTB-00358,BM/BVQ7/00358,DAO MỎ ĐIỆN CAO TÀN,VIO® 300S,11557010,Khoa Phẫu Thuật - GMHS / Phòng Mổ,GMHS,Thiết bị y tế khác,Mức A,Erbe,Giấy chứng nhận kiểm định,2026,IN_SERVICE,,2026-02-07,2027-02-06,0087.02.26Y,11557010,
359,BVQ7-TTB-00359,BM/BVQ7/00359,Y-DAO MỎ ĐIỆN CAO TÀN-11557010-07-02,N/A,GEN-6155131736489574650,Kho Lưu Trữ Thiết Bị / Chờ Cấp Phát,KHO,Thiết bị y tế khác,Mức A,,,,IN_SERVICE,,,,,,
360,BVQ7-TTB-00360,BM/BVQ7/00360,DAO MỎ ĐIỆN CAO TÀN,VIO® 300D,11558120,Khoa Phẫu Thuật - GMHS / Phòng Mổ,GMHS,Thiết bị y tế khác,Mức A,Erbe,Giấy chứng nhận kiểm định an toàn và tính năng kỹ thuật,2026,IN_SERVICE,,2026-02-07,2027-02-06,0088.02.26Y,11558120,
361,BVQ7-TTB-00361,BM/BVQ7/00361,Y-DAO MỎ ĐIỆN CAO TÀN-11558120-07-02,N/A,GEN-7181853197291096107,Kho Lưu Trữ Thiết Bị / Chờ Cấp Phát,KHO,Thiết bị y tế khác,Mức A,,,,IN_SERVICE,,,,,,
362,BVQ7-TTB-00362,BM/BVQ7/00362,DAO MỎ ĐIỆN CAO TÀN,VIO® 300S,11557008,Khoa Phẫu Thuật - GMHS / Phòng Mổ,GMHS,Thiết bị y tế khác,Mức A,Erbe,Giấy chứng nhận kiểm định,2026,IN_SERVICE,,2026-02-07,2027-02-06,0089.02.26Y,00448,
363,BVQ7-TTB-00363,BM/BVQ7/00363,Y-DAO MỎ ĐIỆN CAO TÀN-11557008-07-02,N/A,GEN-7559504349147561170,Kho Lưu Trữ Thiết Bị / Chờ Cấp Phát,KHO,Thiết bị y tế khác,Mức A,,,,IN_SERVICE,,,,,,
364,BVQ7-TTB-00364,BM/BVQ7/00364,Máy phá rung tim,TEC-5631,16564,Khoa Cấp Cứu - Hồi Sức Tích Cực,ICU,Cấp cứu & Máy phá rung tim,Mức D,Nihon Kohden,Nhật Bản,2026,IN_SERVICE,,2026-02-05,2027-02-06,0090.02.26Y,00440,
365,BVQ7-TTB-00365,BM/BVQ7/00365,Máy phá rung tim,TEC-5631,GEN-7956337412746150615,Khoa Cấp Cứu - Hồi Sức Tích Cực,ICU,Cấp cứu & Máy phá rung tim,Mức D,,,,IN_SERVICE,,,,,,
366,BVQ7-TTB-00366,BM/BVQ7/00366,Máy phá rung tim,TEC-5631,10102,Khoa Cấp Cứu - Hồi Sức Tích Cực,ICU,Cấp cứu & Máy phá rung tim,Mức D,Nihon Kohden,Nhật Bản,2026,IN_SERVICE,,2026-02-05,2027-02-06,0091.02.26Y,00441,
367,BVQ7-TTB-00367,BM/BVQ7/00367,Máy phá rung tim,TEC-5631,GEN-3608675376715827659,Khoa Cấp Cứu - Hồi Sức Tích Cực,ICU,Cấp cứu & Máy phá rung tim,Mức D,,,,IN_SERVICE,,,,,,
368,BVQ7-TTB-00368,BM/BVQ7/00368,Máy thở chuyên dụng,Astral 150,22241721443,Khoa Cấp Cứu - Hồi Sức Tích Cực,ICU,Máy thở & Hô hấp,Mức D,ResMed,Australia,2026,IN_SERVICE,,2026-02-07,2027-02-06,0092.02.26Y,00442,
369,BVQ7-TTB-00369,BM/BVQ7/00369,Máy thở chuyên dụng,Astral 150,GEN-7586604405664045957,Khoa Cấp Cứu - Hồi Sức Tích Cực,ICU,Máy thở & Hô hấp,Mức D,,,,IN_SERVICE,,,,,,
370,BVQ7-TTB-00370,BM/BVQ7/00370,Máy thận nhân tạo,4008 S,4SXA5JRT,Đơn Vị Thận Nhân Tạo / Lọc Máu,TNT,Thận nhân tạo & Lọc máu,Mức C,Fresenius Medical Care AG,Giấy chứng nhận kiểm định,2026,IN_SERVICE,,2026-02-07,2027-02-06,0093.02.26Y,00449,
371,BVQ7-TTB-00371,BM/BVQ7/00371,Máy thận nhân tạo,4008 S,GEN-8935461943816040557,Đơn Vị Thận Nhân Tạo / Lọc Máu,TNT,Thận nhân tạo & Lọc máu,Mức C,,,,IN_SERVICE,,,,,,
372,BVQ7-TTB-00372,BM/BVQ7/00372,Máy thận nhân tạo,4008 S,4SXA5JRR,Đơn Vị Thận Nhân Tạo / Lọc Máu,TNT,Thận nhân tạo & Lọc máu,Mức C,Fresenius Medical Care AG,Giấy chứng nhận kiểm định,2026,IN_SERVICE,,2026-02-07,2027-02-06,0094.02.26Y,00450,
373,BVQ7-TTB-00373,BM/BVQ7/00373,Máy thận nhân tạo,4008 S,GEN-7868680129920500365,Đơn Vị Thận Nhân Tạo / Lọc Máu,TNT,Thận nhân tạo & Lọc máu,Mức C,,,,IN_SERVICE,,,,,,
374,BVQ7-TTB-00374,BM/BVQ7/00374,Máy thận nhân tạo,5008 S,4VSA0LMZ,Đơn Vị Thận Nhân Tạo / Lọc Máu,TNT,Thận nhân tạo & Lọc máu,Mức C,Fresenius Medical Care AG,Giấy chứng nhận kiểm định,2026,IN_SERVICE,,2026-02-07,2027-02-06,0095.02.26Y,00427,
375,BVQ7-TTB-00375,BM/BVQ7/00375,Máy thận nhân tạo,5008 S,GEN-5728593435835171261,Đơn Vị Thận Nhân Tạo / Lọc Máu,TNT,Thận nhân tạo & Lọc máu,Mức C,,,,IN_SERVICE,,,,,,
376,BVQ7-TTB-00376,BM/BVQ7/00376,Máy phá rung tim,TEC-5621,09292,Khoa Cấp Cứu - Hồi Sức Tích Cực,ICU,Cấp cứu & Máy phá rung tim,Mức D,Nihon Kohden,Giấy chứng nhận kiểm định an toàn và tính năng kỹ thuật,2026,IN_SERVICE,,2026-02-07,2027-02-06,0184.02.26Y,00359,
377,BVQ7-TTB-00377,BM/BVQ7/00377,Huyết áp kế lò xo / Áp kế y tế,N/A,997011,Khoa Khám Bệnh Đa Khoa,KKB,Dụng cụ đo lường y tế,Mức A,,,2026,IN_SERVICE,,2026-01-30,2027-01-31,056-001/01.26H,26A 101349,
378,BVQ7-TTB-00378,BM/BVQ7/00378,Huyết áp kế lò xo / Áp kế y tế,N/A,GEN-2664689708115346171,Khoa Khám Bệnh Đa Khoa,KKB,Thiết bị y tế khác,Mức A,,,,IN_SERVICE,,,,,,
379,BVQ7-TTB-00379,BM/BVQ7/00379,Huyết áp kế lò xo / Áp kế y tế,N/A,875255,Khoa Khám Bệnh Đa Khoa,KKB,Dụng cụ đo lường y tế,Mức A,,,2026,IN_SERVICE,,2026-01-30,2027-01-31,056-002/01.26H,26A 101348,
380,BVQ7-TTB-00380,BM/BVQ7/00380,Huyết áp kế lò xo / Áp kế y tế,N/A,GEN-6413245870911668215,Khoa Khám Bệnh Đa Khoa,KKB,Thiết bị y tế khác,Mức A,,,,IN_SERVICE,,,,,,
381,BVQ7-TTB-00381,BM/BVQ7/00381,Huyết áp kế lò xo / Áp kế y tế,Lò xo,GEN-6822312867175258807,Khoa Khám Bệnh Đa Khoa,KKB,Dụng cụ đo lường y tế,Mức A,,,2026,IN_SERVICE,,2026-01-30,2027-01-31,056-003/01.26H,26A 101401,
382,BVQ7-TTB-00382,BM/BVQ7/00382,Huyết áp kế lò xo / Áp kế y tế,N/A,GEN-3731429689358038083,Khoa Khám Bệnh Đa Khoa,KKB,Thiết bị y tế khác,Mức A,,,,IN_SERVICE,,,,,,
383,BVQ7-TTB-00383,BM/BVQ7/00383,Huyết áp kế lò xo / Áp kế y tế,Lò xo,997019,Khoa Khám Bệnh Đa Khoa,KKB,Dụng cụ đo lường y tế,Mức A,NaN,Giấy chứng nhận kiểm định,2026,IN_SERVICE,,2026-01-30,2027-01-31,056-004/01.26H,26A 101400,
384,BVQ7-TTB-00384,BM/BVQ7/00384,Huyết áp kế lò xo / Áp kế y tế,N/A,GEN-4866148052518169209,Khoa Khám Bệnh Đa Khoa,KKB,Thiết bị y tế khác,Mức A,,,,IN_SERVICE,,,,,,
385,BVQ7-TTB-00385,BM/BVQ7/00385,Huyết áp kế lò xo / Áp kế y tế,Lò xo,992116,Khoa Khám Bệnh Đa Khoa,KKB,Dụng cụ đo lường y tế,Mức A,NaN,Giấy chứng nhận kiểm định,2026,IN_SERVICE,,2026-01-30,2027-01-31,056-005/01.26H,26A 101397,
386,BVQ7-TTB-00386,BM/BVQ7/00386,Huyết áp kế lò xo / Áp kế y tế,N/A,GEN-6790688924361448087,Khoa Khám Bệnh Đa Khoa,KKB,Thiết bị y tế khác,Mức A,,,,IN_SERVICE,,,,,,
387,BVQ7-TTB-00387,BM/BVQ7/00387,Huyết áp kế lò xo / Áp kế y tế,Lò xo,035371,Khoa Khám Bệnh Đa Khoa,KKB,Dụng cụ đo lường y tế,Mức A,NaN,Giấy chứng nhận kiểm định,2026,IN_SERVICE,,2026-01-30,2027-01-31,056-006/01.26H,26A 101563,
388,BVQ7-TTB-00388,BM/BVQ7/00388,Huyết áp kế lò xo / Áp kế y tế,N/A,GEN-4842539285807381118,Khoa Khám Bệnh Đa Khoa,KKB,Thiết bị y tế khác,Mức A,,,,IN_SERVICE,,,,,,
389,BVQ7-TTB-00389,BM/BVQ7/00389,Huyết áp kế lò xo / Áp kế y tế,Lò xo,035350,Khoa Khám Bệnh Đa Khoa,KKB,Dụng cụ đo lường y tế,Mức A,NaN,Giấy chứng nhận kiểm định,2026,IN_SERVICE,,2026-01-30,2027-01-31,056-007/01.26H,26A 101564,
390,BVQ7-TTB-00390,BM/BVQ7/00390,Huyết áp kế lò xo / Áp kế y tế,N/A,GEN-3380876367454394889,Khoa Khám Bệnh Đa Khoa,KKB,Thiết bị y tế khác,Mức A,,,,IN_SERVICE,,,,,,
391,BVQ7-TTB-00391,BM/BVQ7/00391,Huyết áp kế lò xo / Áp kế y tế,HEM-8712,20240456619VG,Khoa Khám Bệnh Đa Khoa,KKB,Dụng cụ đo lường y tế,Mức A,NaN,Giấy chứng nhận kiểm định,2026,IN_SERVICE,,2026-01-30,2027-01-31,056-008/01.26H,26A 101402,
392,BVQ7-TTB-00392,BM/BVQ7/00392,Huyết áp kế lò xo / Áp kế y tế,HEM-8712,GEN-3823453461339795906,Khoa Khám Bệnh Đa Khoa,KKB,Thiết bị y tế khác,Mức A,,,,IN_SERVICE,,,,,,
393,BVQ7-TTB-00393,BM/BVQ7/00393,Huyết áp kế lò xo / Áp kế y tế,HEM-8712,20240456757VG,Khoa Khám Bệnh Đa Khoa,KKB,Dụng cụ đo lường y tế,Mức A,NaN,Giấy chứng nhận kiểm định,2026,IN_SERVICE,,2026-01-30,2027-01-31,056-009/01.26H,26A 101569,
394,BVQ7-TTB-00394,BM/BVQ7/00394,Huyết áp kế lò xo / Áp kế y tế,HEM-8712,GEN-5754712902346610948,Khoa Khám Bệnh Đa Khoa,KKB,Thiết bị y tế khác,Mức A,,,,IN_SERVICE,,,,,,
395,BVQ7-TTB-00395,BM/BVQ7/00395,Huyết áp kế lò xo / Áp kế y tế,HEM-7143T1,202406005061V,Khoa Khám Bệnh Đa Khoa,KKB,Dụng cụ đo lường y tế,Mức A,NaN,Giấy chứng nhận kiểm định,2026,IN_SERVICE,,2026-02-02,2027-02-28,056-010/02.26H,24A 131851,
396,BVQ7-TTB-00396,BM/BVQ7/00396,Huyết áp kế lò xo / Áp kế y tế,HEM-7143T1,GEN-161333810234185836,Khoa Khám Bệnh Đa Khoa,KKB,Thiết bị y tế khác,Mức A,,,,IN_SERVICE,,,,,,
397,BVQ7-TTB-00397,BM/BVQ7/00397,Huyết áp kế lò xo / Áp kế y tế,Lò xo,P014632,Khoa Khám Bệnh Đa Khoa,KKB,Dụng cụ đo lường y tế,Mức A,Kaipu,Giấy chứng nhận kiểm định,2026,IN_SERVICE,,2026-01-30,2027-01-31,056-1000/01.26P,26A 101562,
398,BVQ7-TTB-00398,BM/BVQ7/00398,Huyết áp kế lò xo / Áp kế y tế,N/A,GEN-3133155654256665395,Khoa Khám Bệnh Đa Khoa,KKB,Thiết bị y tế khác,Mức A,,,,IN_SERVICE,,,,,,
399,BVQ7-TTB-00399,BM/BVQ7/00399,Huyết áp kế lò xo / Áp kế y tế,Lò xo,P014556,Khoa Khám Bệnh Đa Khoa,KKB,Dụng cụ đo lường y tế,Mức A,Kaipu,Giấy chứng nhận kiểm định,2026,IN_SERVICE,,2026-01-30,2027-01-31,056-1001/01.26P,26A 101570,
400,BVQ7-TTB-00400,BM/BVQ7/00400,Huyết áp kế lò xo / Áp kế y tế,N/A,GEN-6864342358314957735,Khoa Khám Bệnh Đa Khoa,KKB,Thiết bị y tế khác,Mức A,,,,IN_SERVICE,,,,,,
401,BVQ7-TTB-00401,BM/BVQ7/00401,Huyết áp kế lò xo / Áp kế y tế,Lò xo,P014470,Khoa Khám Bệnh Đa Khoa,KKB,Dụng cụ đo lường y tế,Mức A,Kaipu,Giấy chứng nhận kiểm định,2026,IN_SERVICE,,2026-01-30,2027-01-31,056-1002/01.26P,26A 101396,
402,BVQ7-TTB-00402,BM/BVQ7/00402,Huyết áp kế lò xo / Áp kế y tế,N/A,GEN-3340559437981477154,Khoa Khám Bệnh Đa Khoa,KKB,Thiết bị y tế khác,Mức A,,,,IN_SERVICE,,,,,,
403,BVQ7-TTB-00403,BM/BVQ7/00403,Huyết áp kế lò xo / Áp kế y tế,Lò xo,P014557,Khoa Khám Bệnh Đa Khoa,KKB,Dụng cụ đo lường y tế,Mức A,Kaipu,Giấy chứng nhận kiểm định,2026,IN_SERVICE,,2026-01-30,2027-01-31,056-1003/01.26P,26A 101365,
404,BVQ7-TTB-00404,BM/BVQ7/00404,Huyết áp kế lò xo / Áp kế y tế,N/A,GEN-3819386423860283800,Khoa Khám Bệnh Đa Khoa,KKB,Thiết bị y tế khác,Mức A,,,,IN_SERVICE,,,,,,
405,BVQ7-TTB-00405,BM/BVQ7/00405,Huyết áp kế lò xo / Áp kế y tế,Lò xo,P014466,Khoa Khám Bệnh Đa Khoa,KKB,Dụng cụ đo lường y tế,Mức A,Kaipu,Giấy chứng nhận kiểm định,2026,IN_SERVICE,,2026-01-30,2027-01-31,056-1004/01.26P,26A 101398,
406,BVQ7-TTB-00406,BM/BVQ7/00406,Huyết áp kế lò xo / Áp kế y tế,N/A,GEN-369047121915879541,Khoa Khám Bệnh Đa Khoa,KKB,Thiết bị y tế khác,Mức A,,,,IN_SERVICE,,,,,,
407,BVQ7-TTB-00407,BM/BVQ7/00407,Huyết áp kế lò xo / Áp kế y tế,Lò xo,P014471,Khoa Khám Bệnh Đa Khoa,KKB,Dụng cụ đo lường y tế,Mức A,Kaipu,Giấy chứng nhận kiểm định,2026,IN_SERVICE,,2026-01-30,2027-01-31,056-1005/01.26P,26A 101399,
408,BVQ7-TTB-00408,BM/BVQ7/00408,Huyết áp kế lò xo / Áp kế y tế,N/A,GEN-4136156428334681795,Khoa Khám Bệnh Đa Khoa,KKB,Thiết bị y tế khác,Mức A,,,,IN_SERVICE,,,,,,
409,BVQ7-TTB-00409,BM/BVQ7/00409,Huyết áp kế lò xo / Áp kế y tế,Lò xo,P014630,Khoa Khám Bệnh Đa Khoa,KKB,Dụng cụ đo lường y tế,Mức A,Kaipu,Giấy chứng nhận kiểm định,2026,IN_SERVICE,,2026-01-30,2027-01-31,056-1006/01.26P,26A 101567,
410,BVQ7-TTB-00410,BM/BVQ7/00410,Huyết áp kế lò xo / Áp kế y tế,N/A,GEN-3917058443936784468,Khoa Khám Bệnh Đa Khoa,KKB,Thiết bị y tế khác,Mức A,,,,IN_SERVICE,,,,,,
411,BVQ7-TTB-00411,BM/BVQ7/00411,Huyết áp kế lò xo / Áp kế y tế,Lò xo,H21491,Khoa Khám Bệnh Đa Khoa,KKB,Dụng cụ đo lường y tế,Mức A,Kaipu,Giấy chứng nhận kiểm định,2026,IN_SERVICE,,2026-01-30,2027-01-31,056-1007/01.26P,26A 101568,
412,BVQ7-TTB-00412,BM/BVQ7/00412,Huyết áp kế lò xo / Áp kế y tế,N/A,GEN-99740381571172290,Khoa Khám Bệnh Đa Khoa,KKB,Thiết bị y tế khác,Mức A,,,,IN_SERVICE,,,,,,
413,BVQ7-TTB-00413,BM/BVQ7/00413,Huyết áp kế lò xo / Áp kế y tế,Lò xo,H21506,Khoa Khám Bệnh Đa Khoa,KKB,Dụng cụ đo lường y tế,Mức A,Kaipu,Giấy chứng nhận kiểm định,2026,IN_SERVICE,,2026-01-30,2027-01-31,056-1008/01.26P,26A 101364,
414,BVQ7-TTB-00414,BM/BVQ7/00414,Huyết áp kế lò xo / Áp kế y tế,N/A,GEN-1035998272924247556,Khoa Khám Bệnh Đa Khoa,KKB,Thiết bị y tế khác,Mức A,,,,IN_SERVICE,,,,,,
415,BVQ7-TTB-00415,BM/BVQ7/00415,Huyết áp kế lò xo / Áp kế y tế,Lò xo,P014625,Khoa Khám Bệnh Đa Khoa,KKB,Dụng cụ đo lường y tế,Mức A,Kaipu,Giấy chứng nhận kiểm định,2026,IN_SERVICE,,2026-01-30,2027-01-31,056-1009/01.26P,26A 101566,
416,BVQ7-TTB-00416,BM/BVQ7/00416,Huyết áp kế lò xo / Áp kế y tế,N/A,GEN-283184840066214218,Khoa Khám Bệnh Đa Khoa,KKB,Thiết bị y tế khác,Mức A,,,,IN_SERVICE,,,,,,
417,BVQ7-TTB-00417,BM/BVQ7/00417,Cân sức khỏe y tế,MS-3500,C24005462,Khoa Khám Bệnh Đa Khoa,KKB,Thiết bị y tế khác,Mức A,Charder,Giấy chứng nhận kiểm định,2026,IN_SERVICE,,2026-01-30,2027-01-31,056-100/01.26M,26A 101571,
418,BVQ7-TTB-00418,BM/BVQ7/00418,Cân sức khỏe y tế,N/A,GEN-1932890003787543864,Khoa Khám Bệnh Đa Khoa,KKB,Thiết bị y tế khác,Mức A,,,,IN_SERVICE,,,,,,
419,BVQ7-TTB-00419,BM/BVQ7/00419,Huyết áp kế lò xo / Áp kế y tế,Lò xo,P014561,Khoa Khám Bệnh Đa Khoa,KKB,Dụng cụ đo lường y tế,Mức A,Kaipu,Giấy chứng nhận kiểm định,2026,IN_SERVICE,,2026-01-30,2027-01-31,056-1010/01.26P,26A 101360,
420,BVQ7-TTB-00420,BM/BVQ7/00420,Huyết áp kế lò xo / Áp kế y tế,N/A,GEN-7654041011565581828,Khoa Khám Bệnh Đa Khoa,KKB,Thiết bị y tế khác,Mức A,,,,IN_SERVICE,,,,,,
421,BVQ7-TTB-00421,BM/BVQ7/00421,Huyết áp kế lò xo / Áp kế y tế,Lò xo,P014633,Khoa Khám Bệnh Đa Khoa,KKB,Dụng cụ đo lường y tế,Mức A,Kaipu,Giấy chứng nhận kiểm định,2026,IN_SERVICE,,2026-01-30,2027-01-31,056-1011/01.26P,26A 101361,
422,BVQ7-TTB-00422,BM/BVQ7/00422,Huyết áp kế lò xo / Áp kế y tế,N/A,GEN-5927785535125260186,Khoa Khám Bệnh Đa Khoa,KKB,Thiết bị y tế khác,Mức A,,,,IN_SERVICE,,,,,,
423,BVQ7-TTB-00423,BM/BVQ7/00423,Huyết áp kế lò xo / Áp kế y tế,Lò xo,P014629,Khoa Khám Bệnh Đa Khoa,KKB,Dụng cụ đo lường y tế,Mức A,Kaipu,Giấy chứng nhận kiểm định,2026,IN_SERVICE,,2026-01-30,2027-01-31,056-1012/01.26P,26A 101362,
424,BVQ7-TTB-00424,BM/BVQ7/00424,Huyết áp kế lò xo / Áp kế y tế,N/A,GEN-3359845117627988388,Khoa Khám Bệnh Đa Khoa,KKB,Thiết bị y tế khác,Mức A,,,,IN_SERVICE,,,,,,
425,BVQ7-TTB-00425,BM/BVQ7/00425,Huyết áp kế lò xo / Áp kế y tế,Lò xo,P014558,Khoa Khám Bệnh Đa Khoa,KKB,Dụng cụ đo lường y tế,Mức A,Kaipu,Giấy chứng nhận kiểm định,2026,IN_SERVICE,,2026-01-30,2027-01-31,056-1013/01.26P,26A 101363,
426,BVQ7-TTB-00426,BM/BVQ7/00426,Huyết áp kế lò xo / Áp kế y tế,N/A,GEN-4652605074358784080,Khoa Khám Bệnh Đa Khoa,KKB,Thiết bị y tế khác,Mức A,,,,IN_SERVICE,,,,,,
427,BVQ7-TTB-00427,BM/BVQ7/00427,Huyết áp kế lò xo / Áp kế y tế,Lò xo,1561,Khoa Khám Bệnh Đa Khoa,KKB,Dụng cụ đo lường y tế,Mức A,Kaipu,Giấy chứng nhận kiểm định,2026,IN_SERVICE,,2026-01-30,2027-01-31,056-1014/01.26P,26A 101561,
428,BVQ7-TTB-00428,BM/BVQ7/00428,Huyết áp kế lò xo / Áp kế y tế,N/A,GEN-875827775740092408,Khoa Khám Bệnh Đa Khoa,KKB,Thiết bị y tế khác,Mức A,,,,IN_SERVICE,,,,,,
429,BVQ7-TTB-00429,BM/BVQ7/00429,Cân sức khỏe y tế,MS-3500,C24005460,Khoa Khám Bệnh Đa Khoa,KKB,Thiết bị y tế khác,Mức A,Charder,Giấy chứng nhận kiểm định,2026,IN_SERVICE,,2026-01-30,2027-01-31,056-101/01.26M,26A 101565,
430,BVQ7-TTB-00430,BM/BVQ7/00430,Cân sức khỏe y tế,N/A,GEN-8647200590377689497,Khoa Khám Bệnh Đa Khoa,KKB,Thiết bị y tế khác,Mức A,,,,IN_SERVICE,,,,,,
431,BVQ7-TTB-00431,BM/BVQ7/00431,Máy ly tâm phòng xét nghiệm,N/A,GEN-2183173691926450279,Khoa Xét Nghiệm Y Học,XN,Thiết bị y tế khác,Mức B,,,,IN_SERVICE,,,,,,
432,BVQ7-TTB-00432,BM/BVQ7/00432,Cân sức khỏe y tế,MS 4890,T24004101,Khoa Khám Bệnh Đa Khoa,KKB,Thiết bị y tế khác,Mức A,Inbody,Giấy chứng nhận hiệu chuẩn,2026,IN_SERVICE,,2026-03-27,2027-03-27,056-1672/03.26,26A 201147,
433,BVQ7-TTB-00433,BM/BVQ7/00433,Cân sức khỏe y tế,N/A,GEN-3132009042300284356,Khoa Khám Bệnh Đa Khoa,KKB,Thiết bị y tế khác,Mức A,,,,IN_SERVICE,,,,,,
434,BVQ7-TTB-00434,BM/BVQ7/00434,Nhiệt kế điện tử y tế,UTRED30-WIFI,A0A5003117GH,Khoa Khám Bệnh Đa Khoa,KKB,Dụng cụ đo lường y tế,Mức A,Logtag,Giấy chứng nhận hiệu chuẩn,2026,IN_SERVICE,,2026-03-27,2027-03-27,056-1673/03.26,25A 201143,
435,BVQ7-TTB-00435,BM/BVQ7/00435,Nhiệt kế điện tử y tế,N/A,GEN-8689541196781729597,Khoa Khám Bệnh Đa Khoa,KKB,Thiết bị y tế khác,Mức A,,,,IN_SERVICE,,,,,,
436,BVQ7-TTB-00436,BM/BVQ7/00436,Nhiệt kế điện tử y tế,UTRED16-F,A048005733TT,Khoa Khám Bệnh Đa Khoa,KKB,Dụng cụ đo lường y tế,Mức A,Logtag,Giấy chứng nhận hiệu chuẩn,2026,IN_SERVICE,,2026-03-27,2027-03-27,056-1674/03.26,25A 201146,
437,BVQ7-TTB-00437,BM/BVQ7/00437,Nhiệt kế điện tử y tế,N/A,GEN-1814738594161828128,Khoa Khám Bệnh Đa Khoa,KKB,Thiết bị y tế khác,Mức A,,,,IN_SERVICE,,,,,,
438,BVQ7-TTB-00438,BM/BVQ7/00438,Nhiệt ẩm kế tự ghi,TH600 B,KSNK01,Khoa Khám Bệnh Đa Khoa,KKB,Dụng cụ đo lường y tế,Mức A,NaN,Giấy chứng nhận hiệu chuẩn,2026,IN_SERVICE,,2026-03-27,2027-03-27,056-1675/01.26,,
439,BVQ7-TTB-00439,BM/BVQ7/00439,Nhiệt ẩm kế tự ghi,N/A,K01-27-03-2026,Khoa Khám Bệnh Đa Khoa,KKB,Thiết bị y tế khác,Mức A,,,,IN_SERVICE,,,,,,
440,BVQ7-TTB-00440,BM/BVQ7/00440,Nhiệt ẩm kế tự ghi,N/A,GEN-2010365385678814237,Khoa Khám Bệnh Đa Khoa,KKB,Thiết bị y tế khác,Mức A,,,,IN_SERVICE,,,,,,
441,BVQ7-TTB-00441,BM/BVQ7/00441,Nhiệt ẩm kế tự ghi,HTC-2,Q7NAK01,Khoa Khám Bệnh Đa Khoa,KKB,Dụng cụ đo lường y tế,Mức A,NaN,Giấy chứng nhận hiệu chuẩn,2026,IN_SERVICE,,2026-03-27,2027-03-27,056-1677/03.26,25A 201144,
442,BVQ7-TTB-00442,BM/BVQ7/00442,Nhiệt ẩm kế tự ghi,N/A,GEN-6567835412796799727,Khoa Khám Bệnh Đa Khoa,KKB,Thiết bị y tế khác,Mức A,,,,IN_SERVICE,,,,,,
443,BVQ7-TTB-00443,BM/BVQ7/00443,Nhiệt ẩm kế tự ghi,TH600B,TH600B-CC1,Khoa Khám Bệnh Đa Khoa,KKB,Dụng cụ đo lường y tế,Mức A,Anymetre,,2026,IN_SERVICE,,2026-01-23,2027-01-31,056-363/01.26,25A 213439,
444,BVQ7-TTB-00444,BM/BVQ7/00444,Nhiệt ẩm kế tự ghi,N/A,GEN-6895885461092426701,Khoa Khám Bệnh Đa Khoa,KKB,Thiết bị y tế khác,Mức A,,,,IN_SERVICE,,,,,,
445,BVQ7-TTB-00445,BM/BVQ7/00445,Nhiệt ẩm kế tự ghi,TH600B,TH600B-CC2,Khoa Khám Bệnh Đa Khoa,KKB,Dụng cụ đo lường y tế,Mức A,Anymetre,,2026,IN_SERVICE,,2026-01-23,2027-01-31,056-364/01.26,25A 213440,
446,BVQ7-TTB-00446,BM/BVQ7/00446,Nhiệt ẩm kế tự ghi,N/A,GEN-5333155511260396831,Khoa Khám Bệnh Đa Khoa,KKB,Thiết bị y tế khác,Mức A,,,,IN_SERVICE,,,,,,
447,BVQ7-TTB-00447,BM/BVQ7/00447,Nhiệt ẩm kế tự ghi,TH600B,TH600B-CC3,Khoa Khám Bệnh Đa Khoa,KKB,Dụng cụ đo lường y tế,Mức A,Anymetre,,2026,IN_SERVICE,,2026-01-23,2027-01-31,056-365/01.26,25A 213442,
448,BVQ7-TTB-00448,BM/BVQ7/00448,Nhiệt ẩm kế tự ghi,N/A,GEN-8931771589466741555,Khoa Khám Bệnh Đa Khoa,KKB,Thiết bị y tế khác,Mức A,,,,IN_SERVICE,,,,,,
449,BVQ7-TTB-00449,BM/BVQ7/00449,Nhiệt ẩm kế tự ghi,TH600B,TH600B-CC5,Khoa Khám Bệnh Đa Khoa,KKB,Dụng cụ đo lường y tế,Mức A,PTMEDICAL,,2026,IN_SERVICE,,2026-01-23,2027-01-31,056-366/01.26,25A 213741,
450,BVQ7-TTB-00450,BM/BVQ7/00450,Nhiệt ẩm kế tự ghi,N/A,GEN-9100934540770620819,Khoa Khám Bệnh Đa Khoa,KKB,Thiết bị y tế khác,Mức A,,,,IN_SERVICE,,,,,,
451,BVQ7-TTB-00451,BM/BVQ7/00451,Nhiệt ẩm kế tự ghi,JR913,JR913-CC1,Khoa Khám Bệnh Đa Khoa,KKB,Dụng cụ đo lường y tế,Mức A,Anymetre,,2026,IN_SERVICE,,2026-01-23,2027-01-31,056-367/01.26,25A 213735,
452,BVQ7-TTB-00452,BM/BVQ7/00452,Nhiệt ẩm kế tự ghi,N/A,GEN-5974410181149666614,Khoa Khám Bệnh Đa Khoa,KKB,Thiết bị y tế khác,Mức A,,,,IN_SERVICE,,,,,,
453,BVQ7-TTB-00453,BM/BVQ7/00453,Nhiệt ẩm kế tự ghi,HTC-2,HTC-2-CC1,Khoa Khám Bệnh Đa Khoa,KKB,Dụng cụ đo lường y tế,Mức A,Trung Quốc,,2026,IN_SERVICE,,2026-01-23,2027-01-31,056-368/01.26,25A 213736,
454,BVQ7-TTB-00454,BM/BVQ7/00454,Nhiệt ẩm kế tự ghi,N/A,GEN-3331469848024259041,Khoa Khám Bệnh Đa Khoa,KKB,Thiết bị y tế khác,Mức A,,,,IN_SERVICE,,,,,,
455,BVQ7-TTB-00455,BM/BVQ7/00455,Nhiệt ẩm kế tự ghi,TH600B,TH600B-CĐHA1,Khoa Khám Bệnh Đa Khoa,KKB,Dụng cụ đo lường y tế,Mức A,Anymetre,Giấy chứng nhận hiệu chuẩn,2026,IN_SERVICE,,2026-01-23,2027-01-31,056-369/01.26,25A 213410,
456,BVQ7-TTB-00456,BM/BVQ7/00456,Nhiệt ẩm kế tự ghi,N/A,GEN-5348724894520730552,Khoa Khám Bệnh Đa Khoa,KKB,Thiết bị y tế khác,Mức A,,,,IN_SERVICE,,,,,,
457,BVQ7-TTB-00457,BM/BVQ7/00457,Nhiệt ẩm kế tự ghi,TH600B,TH600B-CĐHA2,Khoa Khám Bệnh Đa Khoa,KKB,Dụng cụ đo lường y tế,Mức A,Anymetre,Giấy chứng nhận hiệu chuẩn,2026,IN_SERVICE,,2026-01-23,2027-01-31,056-370/01.26,25A 213414,
458,BVQ7-TTB-00458,BM/BVQ7/00458,Nhiệt ẩm kế tự ghi,N/A,GEN-589769578149911442,Khoa Khám Bệnh Đa Khoa,KKB,Thiết bị y tế khác,Mức A,,,,IN_SERVICE,,,,,,
459,BVQ7-TTB-00459,BM/BVQ7/00459,Nhiệt ẩm kế tự ghi,TH600B,TH600B-CĐHA4,Khoa Khám Bệnh Đa Khoa,KKB,Dụng cụ đo lường y tế,Mức A,Anymetre,Giấy chứng nhận hiệu chuẩn,2026,IN_SERVICE,,2026-01-23,2027-01-31,056-371/01.26,25A 213411,
460,BVQ7-TTB-00460,BM/BVQ7/00460,Nhiệt ẩm kế tự ghi,N/A,GEN-4773522291479322425,Khoa Khám Bệnh Đa Khoa,KKB,Thiết bị y tế khác,Mức A,,,,IN_SERVICE,,,,,,
461,BVQ7-TTB-00461,BM/BVQ7/00461,Nhiệt ẩm kế tự ghi,TH600B,TH600B-CĐHA5,Khoa Khám Bệnh Đa Khoa,KKB,Dụng cụ đo lường y tế,Mức A,Anymetre,Giấy chứng nhận hiệu chuẩn,2026,IN_SERVICE,,2026-01-23,2027-01-31,056-372/01.26,25A 213409,
462,BVQ7-TTB-00462,BM/BVQ7/00462,Nhiệt ẩm kế tự ghi,N/A,GEN-2068681793288370298,Khoa Khám Bệnh Đa Khoa,KKB,Thiết bị y tế khác,Mức A,,,,IN_SERVICE,,,,,,
463,BVQ7-TTB-00463,BM/BVQ7/00463,Nhiệt ẩm kế tự ghi,TH600B,TH600B-CĐHA6,Khoa Khám Bệnh Đa Khoa,KKB,Dụng cụ đo lường y tế,Mức A,Anymetre,Giấy chứng nhận hiệu chuẩn,2026,IN_SERVICE,,2026-01-23,2027-01-31,056-373/01.26,25A 213413,
464,BVQ7-TTB-00464,BM/BVQ7/00464,Nhiệt ẩm kế tự ghi,N/A,GEN-6609993403343953326,Khoa Khám Bệnh Đa Khoa,KKB,Thiết bị y tế khác,Mức A,,,,IN_SERVICE,,,,,,
465,BVQ7-TTB-00465,BM/BVQ7/00465,Nhiệt ẩm kế tự ghi,TH600B,TH600B-CĐHA7,Khoa Khám Bệnh Đa Khoa,KKB,Dụng cụ đo lường y tế,Mức A,Anymetre,Giấy chứng nhận hiệu chuẩn,2026,IN_SERVICE,,2026-01-23,2027-01-31,056-374/01.26,25A 214168,
466,BVQ7-TTB-00466,BM/BVQ7/00466,Nhiệt ẩm kế tự ghi,N/A,GEN-4238134577499940255,Khoa Khám Bệnh Đa Khoa,KKB,Thiết bị y tế khác,Mức A,,,,IN_SERVICE,,,,,,
467,BVQ7-TTB-00467,BM/BVQ7/00467,Nhiệt ẩm kế tự ghi,TH600B,TH600B-CĐHA8,Khoa Khám Bệnh Đa Khoa,KKB,Dụng cụ đo lường y tế,Mức A,Anymetre,Giấy chứng nhận hiệu chuẩn,2026,IN_SERVICE,,2026-01-23,2027-01-31,056-375/01.26,25A 213412,
468,BVQ7-TTB-00468,BM/BVQ7/00468,Nhiệt ẩm kế tự ghi,N/A,GEN-8536651285847627770,Khoa Khám Bệnh Đa Khoa,KKB,Thiết bị y tế khác,Mức A,,,,IN_SERVICE,,,,,,
469,BVQ7-TTB-00469,BM/BVQ7/00469,Nhiệt ẩm kế tự ghi,TH600B,TH600B-CĐHA10,Khoa Khám Bệnh Đa Khoa,KKB,Dụng cụ đo lường y tế,Mức A,Anymetre,Giấy chứng nhận hiệu chuẩn,2026,IN_SERVICE,,2026-01-23,2027-01-31,056-376/01.26,25A 213415,
470,BVQ7-TTB-00470,BM/BVQ7/00470,Nhiệt ẩm kế tự ghi,N/A,GEN-7726907031854503544,Khoa Khám Bệnh Đa Khoa,KKB,Thiết bị y tế khác,Mức A,,,,IN_SERVICE,,,,,,
471,BVQ7-TTB-00471,BM/BVQ7/00471,Nhiệt ẩm kế tự ghi,TH600B,TH600B-CĐHA11,Khoa Khám Bệnh Đa Khoa,KKB,Dụng cụ đo lường y tế,Mức A,Anymetre,Giấy chứng nhận hiệu chuẩn,2026,IN_SERVICE,,2026-01-23,2027-01-31,056-377/01.26,25A 213416,
472,BVQ7-TTB-00472,BM/BVQ7/00472,Nhiệt ẩm kế tự ghi,N/A,GEN-679906698061650454,Khoa Khám Bệnh Đa Khoa,KKB,Thiết bị y tế khác,Mức A,,,,IN_SERVICE,,,,,,
473,BVQ7-TTB-00473,BM/BVQ7/00473,Nhiệt ẩm kế tự ghi,TH600B,TH600B-CĐHA12,Khoa Khám Bệnh Đa Khoa,KKB,Dụng cụ đo lường y tế,Mức A,Anymetre,Giấy chứng nhận hiệu chuẩn,2026,IN_SERVICE,,2026-01-23,2027-01-31,056-378/01.26,25A 213417,
474,BVQ7-TTB-00474,BM/BVQ7/00474,Nhiệt ẩm kế tự ghi,N/A,GEN-6424932102112668256,Khoa Khám Bệnh Đa Khoa,KKB,Thiết bị y tế khác,Mức A,,,,IN_SERVICE,,,,,,
475,BVQ7-TTB-00475,BM/BVQ7/00475,Nhiệt ẩm kế tự ghi,TH600B,TH600B-CĐHA13,Khoa Khám Bệnh Đa Khoa,KKB,Dụng cụ đo lường y tế,Mức A,PTMEDICAL,Giấy chứng nhận hiệu chuẩn,2026,IN_SERVICE,,2026-01-23,2027-01-31,056-379/01.26,25A 213418,
476,BVQ7-TTB-00476,BM/BVQ7/00476,Nhiệt ẩm kế tự ghi,N/A,GEN-6162668597113305821,Khoa Khám Bệnh Đa Khoa,KKB,Thiết bị y tế khác,Mức A,,,,IN_SERVICE,,,,,,
477,BVQ7-TTB-00477,BM/BVQ7/00477,Nhiệt ẩm kế tự ghi,TH600B,TH600B-CĐHA14,Khoa Khám Bệnh Đa Khoa,KKB,Dụng cụ đo lường y tế,Mức A,PTMEDICAL,Giấy chứng nhận hiệu chuẩn,2026,IN_SERVICE,,2026-01-23,2027-01-31,056-380/01.26,25A 213419,
478,BVQ7-TTB-00478,BM/BVQ7/00478,Nhiệt ẩm kế tự ghi,N/A,GEN-8825651295944345137,Khoa Khám Bệnh Đa Khoa,KKB,Thiết bị y tế khác,Mức A,,,,IN_SERVICE,,,,,,
479,BVQ7-TTB-00479,BM/BVQ7/00479,Nhiệt ẩm kế tự ghi,HM16,MH16-CĐHA1,Khoa Khám Bệnh Đa Khoa,KKB,Dụng cụ đo lường y tế,Mức A,Beurer,Giấy chứng nhận hiệu chuẩn,2026,IN_SERVICE,,2026-01-23,2027-01-31,056-381/01.26,25A 213420,
480,BVQ7-TTB-00480,BM/BVQ7/00480,Nhiệt ẩm kế tự ghi,N/A,GEN-4600814137678687774,Khoa Khám Bệnh Đa Khoa,KKB,Thiết bị y tế khác,Mức A,,,,IN_SERVICE,,,,,,
481,BVQ7-TTB-00481,BM/BVQ7/00481,Nhiệt ẩm kế tự ghi,HM16,MH16-CĐHA2,Khoa Khám Bệnh Đa Khoa,KKB,Dụng cụ đo lường y tế,Mức A,Beurer,Giấy chứng nhận hiệu chuẩn,2026,IN_SERVICE,,2026-01-23,2027-01-31,056-382/01.26,25A 213421,
482,BVQ7-TTB-00482,BM/BVQ7/00482,Nhiệt ẩm kế tự ghi,N/A,GEN-4551860808593262253,Khoa Khám Bệnh Đa Khoa,KKB,Thiết bị y tế khác,Mức A,,,,IN_SERVICE,,,,,,
483,BVQ7-TTB-00483,BM/BVQ7/00483,Nhiệt ẩm kế tự ghi,N/A,GEN-5724601508258545062,Khoa Khám Bệnh Đa Khoa,KKB,Thiết bị y tế khác,Mức A,,,,IN_SERVICE,,,,,,
484,BVQ7-TTB-00484,BM/BVQ7/00484,Nhiệt ẩm kế tự ghi,TH600B,TH600B-KB3,Khoa Khám Bệnh Đa Khoa,KKB,Dụng cụ đo lường y tế,Mức A,Anymetre,Giấy chứng nhận hiệu chuẩn,2026,IN_SERVICE,,2026-01-23,2027-01-31,056-384/01.26,25A 214159,
485,BVQ7-TTB-00485,BM/BVQ7/00485,Nhiệt ẩm kế tự ghi,N/A,GEN-5649666753207800871,Khoa Khám Bệnh Đa Khoa,KKB,Thiết bị y tế khác,Mức A,,,,IN_SERVICE,,,,,,
486,BVQ7-TTB-00486,BM/BVQ7/00486,Nhiệt ẩm kế tự ghi,TH600B,TH600B-KB-UB1,Khoa Khám Bệnh Đa Khoa,KKB,Dụng cụ đo lường y tế,Mức A,PTMEDICAL,Giấy chứng nhận hiệu chuẩn,2026,IN_SERVICE,,2026-01-23,2027-01-31,056-385/01.26,25A 214160,
487,BVQ7-TTB-00487,BM/BVQ7/00487,Nhiệt ẩm kế tự ghi,N/A,GEN-600732880566116863,Khoa Khám Bệnh Đa Khoa,KKB,Thiết bị y tế khác,Mức A,,,,IN_SERVICE,,,,,,
488,BVQ7-TTB-00488,BM/BVQ7/00488,Nhiệt ẩm kế tự ghi,TH600B,TH600B-KB-UB2,Khoa Khám Bệnh Đa Khoa,KKB,Dụng cụ đo lường y tế,Mức A,PTMEDICAL,Giấy chứng nhận hiệu chuẩn,2026,IN_SERVICE,,2026-01-23,2027-01-31,056-386/01.26,25A 214161,
489,BVQ7-TTB-00489,BM/BVQ7/00489,Nhiệt ẩm kế tự ghi,N/A,GEN-6734545336339815066,Khoa Khám Bệnh Đa Khoa,KKB,Thiết bị y tế khác,Mức A,,,,IN_SERVICE,,,,,,
490,BVQ7-TTB-00490,BM/BVQ7/00490,Nhiệt ẩm kế tự ghi,TH600B,TH600B-KB-UB3,Khoa Khám Bệnh Đa Khoa,KKB,Dụng cụ đo lường y tế,Mức A,PTMEDICAL,Giấy chứng nhận hiệu chuẩn,2026,IN_SERVICE,,2026-01-23,2027-01-31,056-387/01.26,25A 214162,
491,BVQ7-TTB-00491,BM/BVQ7/00491,Nhiệt ẩm kế tự ghi,N/A,GEN-6371509555048433757,Khoa Khám Bệnh Đa Khoa,KKB,Thiết bị y tế khác,Mức A,,,,IN_SERVICE,,,,,,
492,BVQ7-TTB-00492,BM/BVQ7/00492,Nhiệt ẩm kế tự ghi,TH600B,TH600B-KB-UB4,Khoa Khám Bệnh Đa Khoa,KKB,Dụng cụ đo lường y tế,Mức A,PTMEDICAL,Giấy chứng nhận hiệu chuẩn,2026,IN_SERVICE,,2026-01-23,2027-01-31,056-388/01.26,25A 214163,
493,BVQ7-TTB-00493,BM/BVQ7/00493,Nhiệt ẩm kế tự ghi,N/A,GEN-3630943101619295791,Khoa Khám Bệnh Đa Khoa,KKB,Thiết bị y tế khác,Mức A,,,,IN_SERVICE,,,,,,
494,BVQ7-TTB-00494,BM/BVQ7/00494,Nhiệt ẩm kế tự ghi,HTC-2,HTC-2-KB1,Khoa Khám Bệnh Đa Khoa,KKB,Dụng cụ đo lường y tế,Mức A,Trung Quốc,Giấy chứng nhận hiệu chuẩn,2026,IN_SERVICE,,2026-01-23,2027-01-31,056-389/01.26,25A 214158,
495,BVQ7-TTB-00495,BM/BVQ7/00495,Nhiệt ẩm kế tự ghi,N/A,GEN-7515095379928579134,Khoa Khám Bệnh Đa Khoa,KKB,Thiết bị y tế khác,Mức A,,,,IN_SERVICE,,,,,,
496,BVQ7-TTB-00496,BM/BVQ7/00496,Nhiệt ẩm kế tự ghi,HTC-2,HTC-2-RHM1,Khoa Khám Bệnh Đa Khoa,KKB,Dụng cụ đo lường y tế,Mức A,Trung Quốc,Giấy chứng nhận hiệu chuẩn,2026,IN_SERVICE,,2026-01-23,2027-01-31,056-390/01.26,25A 214164,
497,BVQ7-TTB-00497,BM/BVQ7/00497,Nhiệt ẩm kế tự ghi,N/A,GEN-6870177452428856418,Khoa Khám Bệnh Đa Khoa,KKB,Thiết bị y tế khác,Mức A,,,,IN_SERVICE,,,,,,
498,BVQ7-TTB-00498,BM/BVQ7/00498,Nhiệt ẩm kế tự ghi,JR913,JR913-KB1,Khoa Khám Bệnh Đa Khoa,KKB,Dụng cụ đo lường y tế,Mức A,Anymetre,Giấy chứng nhận hiệu chuẩn,2026,IN_SERVICE,,2026-01-23,2027-01-31,056-391/01.26,25A 214166,
499,BVQ7-TTB-00499,BM/BVQ7/00499,Nhiệt ẩm kế tự ghi,N/A,GEN-1965673150394220744,Khoa Khám Bệnh Đa Khoa,KKB,Thiết bị y tế khác,Mức A,,,,IN_SERVICE,,,,,,
500,BVQ7-TTB-00500,BM/BVQ7/00500,Nhiệt ẩm kế tự ghi,TH600B,TH600B-KB-3020,Khoa Khám Bệnh Đa Khoa,KKB,Dụng cụ đo lường y tế,Mức A,Anymetre,Giấy chứng nhận hiệu chuẩn,2026,IN_SERVICE,,2026-02-25,2027-02-25,056-392/01.26,24A 212271,
501,BVQ7-TTB-00501,BM/BVQ7/00501,Nhiệt ẩm kế tự ghi,N/A,GEN-4658426413463671209,Khoa Khám Bệnh Đa Khoa,KKB,Thiết bị y tế khác,Mức A,,,,IN_SERVICE,,,,,,
502,BVQ7-TTB-00502,BM/BVQ7/00502,Nhiệt kế điện tử y tế,UTRED30-WIFI,1149,Khoa Khám Bệnh Đa Khoa,KKB,Dụng cụ đo lường y tế,Mức A,Logtag,,2026,IN_SERVICE,,2026-02-27,2027-02-27,056-392/02.26,25A 201149,
503,BVQ7-TTB-00503,BM/BVQ7/00503,Nhiệt kế điện tử y tế,N/A,GEN-7140635701540590603,Khoa Khám Bệnh Đa Khoa,KKB,Thiết bị y tế khác,Mức A,,,,IN_SERVICE,,,,,,
504,BVQ7-TTB-00504,BM/BVQ7/00504,Nhiệt kế điện tử y tế,FR1MF1,S2024-05-141417,Khoa Khám Bệnh Đa Khoa,KKB,Dụng cụ đo lường y tế,Mức A,MICROLIFE,,2026,IN_SERVICE,,2026-01-23,2027-01-31,056-393/01.26,25A 213425,
505,BVQ7-TTB-00505,BM/BVQ7/00505,Nhiệt kế điện tử y tế,N/A,GEN-6813412559741311206,Khoa Khám Bệnh Đa Khoa,KKB,Thiết bị y tế khác,Mức A,,,,IN_SERVICE,,,,,,
506,BVQ7-TTB-00506,BM/BVQ7/00506,Nhiệt kế điện tử y tế,FR1MF1,S2024-05-141414,Khoa Khám Bệnh Đa Khoa,KKB,Dụng cụ đo lường y tế,Mức A,MICROLIFE,,2026,IN_SERVICE,,2026-01-23,2027-01-31,"SỐ 30, NGÕ 61 ĐƯỜNG CÔ LINH, P. LONG BIÊN, TP. HÀ NỘITel: 0822846886 ; Email:tuvankiemdinhvietnam@gmail.comĐK 289GIẤY CHỨNG NHẬN HIỆU CHUẨN",25A 213423,
507,BVQ7-TTB-00507,BM/BVQ7/00507,Nhiệt kế điện tử y tế,N/A,GEN-3947506251163187401,Khoa Khám Bệnh Đa Khoa,KKB,Thiết bị y tế khác,Mức A,,,,IN_SERVICE,,,,,,
508,BVQ7-TTB-00508,BM/BVQ7/00508,Nồi hấp tiệt trùng,N/A,GEN-4784775107918261951,Trung Tâm Tiệt Trùng & KSNK (CSSD),CSSD,Thiết bị y tế khác,Mức B,,,,IN_SERVICE,,,,,,
509,BVQ7-TTB-00509,BM/BVQ7/00509,Cân sức khỏe y tế,BSM370,S9823000753,Khoa Khám Bệnh Đa Khoa,KKB,Thiết bị y tế khác,Mức A,Inbody,Giấy chứng nhận hiệu chuẩn,2026,IN_SERVICE,,2026-01-23,2027-01-31,056-397/01.26,25A 214165,
510,BVQ7-TTB-00510,BM/BVQ7/00510,Cân sức khỏe y tế,N/A,GEN-5113781450929909686,Khoa Khám Bệnh Đa Khoa,KKB,Thiết bị y tế khác,Mức A,,,,IN_SERVICE,,,,,,
511,BVQ7-TTB-00511,BM/BVQ7/00511,Cân sức khỏe y tế,Điện tử (BSM370),S9823000760,Khoa Khám Bệnh Đa Khoa,KKB,Thiết bị y tế khác,Mức A,Inbody,Giấy chứng nhận hiệu chuẩn,2026,IN_SERVICE,,2026-01-23,2027-01-31,056-398/01.26,25A 214167,
512,BVQ7-TTB-00512,BM/BVQ7/00512,Cân sức khỏe y tế,N/A,GEN-8787287750222717965,Khoa Khám Bệnh Đa Khoa,KKB,Thiết bị y tế khác,Mức A,,,,IN_SERVICE,,,,,,
513,BVQ7-TTB-00513,BM/BVQ7/00513,Huyết áp kế lò xo / Áp kế y tế,Lò xo,P014628,Khoa Khám Bệnh Đa Khoa,KKB,Dụng cụ đo lường y tế,Mức A,Kaipu,,2026,IN_SERVICE,,2026-01-30,2027-01-31,056-994/01.26P,26A 101350,
514,BVQ7-TTB-00514,BM/BVQ7/00514,Huyết áp kế lò xo / Áp kế y tế,N/A,GEN-7486569630724715703,Khoa Khám Bệnh Đa Khoa,KKB,Thiết bị y tế khác,Mức A,,,,IN_SERVICE,,,,,,
515,BVQ7-TTB-00515,BM/BVQ7/00515,Huyết áp kế lò xo / Áp kế y tế,Lò xo,P014563,Khoa Khám Bệnh Đa Khoa,KKB,Dụng cụ đo lường y tế,Mức A,Kaipu,,2026,IN_SERVICE,,2026-01-30,2027-01-31,056-995/01.26P,26A 101359,
516,BVQ7-TTB-00516,BM/BVQ7/00516,Huyết áp kế lò xo / Áp kế y tế,N/A,GEN-3067552457807073858,Khoa Khám Bệnh Đa Khoa,KKB,Thiết bị y tế khác,Mức A,,,,IN_SERVICE,,,,,,
517,BVQ7-TTB-00517,BM/BVQ7/00517,Huyết áp kế lò xo / Áp kế y tế,Lò xo,P014626,Khoa Khám Bệnh Đa Khoa,KKB,Dụng cụ đo lường y tế,Mức A,Kaipu,,2026,IN_SERVICE,,2026-01-30,2027-01-31,056-996/01.26P,26A 101366,
518,BVQ7-TTB-00518,BM/BVQ7/00518,Huyết áp kế lò xo / Áp kế y tế,N/A,GEN-8239201088213213487,Khoa Khám Bệnh Đa Khoa,KKB,Thiết bị y tế khác,Mức A,,,,IN_SERVICE,,,,,,
519,BVQ7-TTB-00519,BM/BVQ7/00519,Huyết áp kế lò xo / Áp kế y tế,Lò xo,P014473,Khoa Khám Bệnh Đa Khoa,KKB,Dụng cụ đo lường y tế,Mức A,Kaipu,,2026,IN_SERVICE,,2026-01-30,2027-01-31,056-997/01.26P,26A 101367,
520,BVQ7-TTB-00520,BM/BVQ7/00520,Huyết áp kế lò xo / Áp kế y tế,N/A,GEN-2569202017946611174,Khoa Khám Bệnh Đa Khoa,KKB,Thiết bị y tế khác,Mức A,,,,IN_SERVICE,,,,,,
521,BVQ7-TTB-00521,BM/BVQ7/00521,Huyết áp kế lò xo / Áp kế y tế,Lò xo,P014472,Khoa Khám Bệnh Đa Khoa,KKB,Dụng cụ đo lường y tế,Mức A,Kaipu,Giấy chứng nhận kiểm định,2026,IN_SERVICE,,2026-01-30,2027-01-31,056-998/01.26P,26A 101369,
522,BVQ7-TTB-00522,BM/BVQ7/00522,Huyết áp kế lò xo / Áp kế y tế,N/A,GEN-5327090400837178834,Khoa Khám Bệnh Đa Khoa,KKB,Thiết bị y tế khác,Mức A,,,,IN_SERVICE,,,,,,
523,BVQ7-TTB-00523,BM/BVQ7/00523,Huyết áp kế lò xo / Áp kế y tế,Lò xo,P014596,Khoa Khám Bệnh Đa Khoa,KKB,Dụng cụ đo lường y tế,Mức A,Kaipu,Giấy chứng nhận kiểm định,2026,IN_SERVICE,,2026-01-30,2027-01-31,056-999/01.26P,26A 101368,
524,BVQ7-TTB-00524,BM/BVQ7/00524,Huyết áp kế lò xo / Áp kế y tế,N/A,GEN-6583046210177968569,Khoa Khám Bệnh Đa Khoa,KKB,Thiết bị y tế khác,Mức A,,,,IN_SERVICE,,,,,,
526,BVQ7-TTB-00526,BM/BVQ7/00526,Scan NT,N/A,GEN-2679784804528076733,Kho Lưu Trữ Thiết Bị / Chờ Cấp Phát,KHO,Thiết bị y tế khác,Mức A,,,,IN_SERVICE,,,,,,
527,BVQ7-TTB-00527,BM/BVQ7/00527,HỆ THỐNG ĐƯỜNG ỐNG DẪN KHÍ ÔXY Y TẾ,N/A,GEN-1473137041882936040,Kho Lưu Trữ Thiết Bị / Chờ Cấp Phát,KHO,Thiết bị y tế khác,Mức A,,,,IN_SERVICE,,,,,,
528,BVQ7-TTB-00528,BM/BVQ7/00528,Máy hấp tiệt trùng,N/A,GEN-4407657389589669343,Trung Tâm Tiệt Trùng & KSNK (CSSD),CSSD,Thiết bị tiệt trùng & khử khuẩn,Mức A,,,,IN_SERVICE,,,,,,
529,BVQ7-TTB-00529,BM/BVQ7/00529,Máy ly tâm phòng xét nghiệm,N/A,GEN-1878316304062358078,Khoa Xét Nghiệm Y Học,XN,Thiết bị xét nghiệm & lab,Mức B,,,,IN_SERVICE,,,,,,
530,BVQ7-TTB-00530,BM/BVQ7/00530,Nhiệt ẩm kế tự ghi,N/A,GEN-1043321974737648758,Khoa Khám Bệnh Đa Khoa,KKB,Dụng cụ đo lường y tế,Mức A,,,,IN_SERVICE,,,,,,
531,BVQ7-TTB-00531,BM/BVQ7/00531,Nhiệt ẩm kế tự ghi,N/A,GEN-1141779008755598254,Khoa Khám Bệnh Đa Khoa,KKB,Dụng cụ đo lường y tế,Mức A,,,,IN_SERVICE,,,,,,
532,BVQ7-TTB-00532,BM/BVQ7/00532,Cân dĩa,N/A,GEN-116329173660622031,Kho Lưu Trữ Thiết Bị / Chờ Cấp Phát,KHO,Thiết bị y tế khác,Mức A,,,,IN_SERVICE,,,,,,
533,BVQ7-TTB-00533,BM/BVQ7/00533,Máy thở chuyên dụng,TV - 100,GEN-5651344254239119310,Khoa Cấp Cứu - Hồi Sức Tích Cực,ICU,Máy thở & Hô hấp,Mức D,,,,IN_SERVICE,,,,,,
534,BVQ7-TTB-00534,BM/BVQ7/00534,Nhiệt ẩm kế tự ghi,N/A,GEN-9041595772668333740,Khoa Khám Bệnh Đa Khoa,KKB,Dụng cụ đo lường y tế,Mức A,,,,IN_SERVICE,,,,,,
535,BVQ7-TTB-00535,BM/BVQ7/00535,Nhiệt kế y tế,N/A,GEN-3734653977689925902,Khoa Khám Bệnh Đa Khoa,KKB,Dụng cụ đo lường y tế,Mức A,,,,IN_SERVICE,,,,,,
536,BVQ7-TTB-00536,BM/BVQ7/00536,Nhiệt ẩm kế tự ghi,N/A,GEN-693719991928115115,Khoa Khám Bệnh Đa Khoa,KKB,Dụng cụ đo lường y tế,Mức A,,,,IN_SERVICE,,,,,,
537,BVQ7-TTB-00537,BM/BVQ7/00537,Huyết áp kế lò xo / Áp kế y tế,N/A,GEN-714082708300971129,Khoa Khám Bệnh Đa Khoa,KKB,Dụng cụ đo lường y tế,Mức A,,,,IN_SERVICE,,,,,,
538,BVQ7-TTB-00538,BM/BVQ7/00538,Huyết áp điện tử,HEM-8712,GEN-934459235284353532,Khoa Khám Bệnh Đa Khoa,KKB,Dụng cụ đo lường y tế,Mức A,,,,IN_SERVICE,,,,,,
539,BVQ7-TTB-00539,BM/BVQ7/00539,Cân sức khỏe y tế,N/A,GEN-4677352651918990162,Khoa Khám Bệnh Đa Khoa,KKB,Thiết bị y tế khác,Mức A,,,,IN_SERVICE,,,,,,
540,BVQ7-TTB-00540,BM/BVQ7/00540,Máy phá rung tim,TEC-5621,GEN-2847311069869255121,Khoa Cấp Cứu - Hồi Sức Tích Cực,ICU,Cấp cứu & Máy phá rung tim,Mức D,,,,IN_SERVICE,,,,,,
541,BVQ7-TTB-00541,BM/BVQ7/00541,Nhiệt kế điện tử y tế,N/A,GEN-9054236550935816868,Khoa Khám Bệnh Đa Khoa,KKB,Dụng cụ đo lường y tế,Mức A,,,,IN_SERVICE,,,,,,
542,BVQ7-TTB-00542,BM/BVQ7/00542,Máy thận nhân tạo,4008 S,GEN-3736295257215238355,Đơn Vị Thận Nhân Tạo / Lọc Máu,TNT,Thận nhân tạo & Lọc máu,Mức C,,,,IN_SERVICE,,,,,,
543,BVQ7-TTB-00543,BM/BVQ7/00543,Nhiệt ẩm kế tự ghi,N/A,GEN-1962151775894222951,Khoa Khám Bệnh Đa Khoa,KKB,Dụng cụ đo lường y tế,Mức A,,,,IN_SERVICE,,,,,,
544,BVQ7-TTB-00544,BM/BVQ7/00544,Nhiệt ẩm kế tự ghi,N/A,GEN-578054618444938433,Khoa Khám Bệnh Đa Khoa,KKB,Dụng cụ đo lường y tế,Mức A,,,,IN_SERVICE,,,,,,
545,BVQ7-TTB-00545,BM/BVQ7/00545,Huyết áp lò xo,N/A,GEN-743015807207626745,Khoa Khám Bệnh Đa Khoa,KKB,Dụng cụ đo lường y tế,Mức A,,,,IN_SERVICE,,,,,,
546,BVQ7-TTB-00546,BM/BVQ7/00546,Dao mổ điện cao tần,Zeus-150,GEN-8253610385832042941,Khoa Phẫu Thuật - GMHS / Phòng Mổ,GMHS,Phẫu thuật & Dao mổ điện,Mức C,,,,IN_SERVICE,,,,,,
547,BVQ7-TTB-00547,BM/BVQ7/00547,BBNT khối lượng CV,N/A,GEN-7459094195415490747,Kho Lưu Trữ Thiết Bị / Chờ Cấp Phát,KHO,Thiết bị y tế khác,Mức A,,,,IN_SERVICE,,,,,,
548,BVQ7-TTB-00548,BM/BVQ7/00548,BBNT khối lượng CV,N/A,GEN-1279222685560018455,Kho Lưu Trữ Thiết Bị / Chờ Cấp Phát,KHO,Thiết bị y tế khác,Mức A,,,,IN_SERVICE,,,,,,
549,BVQ7-TTB-00549,BM/BVQ7/00549,BBNT khối lượng CV,N/A,GEN-7081527267621318500,Kho Lưu Trữ Thiết Bị / Chờ Cấp Phát,KHO,Thiết bị y tế khác,Mức A,,,,IN_SERVICE,,,,,,
550,BVQ7-TTB-00550,BM/BVQ7/00550,Sanitas Clean,N/A,GEN-3830313992844903010,Kho Lưu Trữ Thiết Bị / Chờ Cấp Phát,KHO,Thiết bị y tế khác,Mức A,,,,IN_SERVICE,,,,,,
551,BVQ7-TTB-00551,BM/BVQ7/00551,Máy cắt đốt cao tần VIO 300S,VIO 300S,11557011,Khoa Phẫu Thuật - GMHS / Phòng Mổ,GMHS,Thiết bị y tế khác,Mức A,NaN,Giấy chứng nhận kiểm định an toàn và tính năng kỹ thuật,,IN_SERVICE,,2026-02-07,2027-02-06,0086.02.26Y,00445,
552,BVQ7-TTB-00552,BM/BVQ7/00552,HUYẾT ÁP KỂ LÒ XO,Lò xo,Nơi sản xuất:,Khoa Khám Bệnh Đa Khoa,KKB,Dụng cụ đo lường y tế,Mức A,Year :,,,IN_SERVICE,,,2027-01-31,056-002/01.26H,26A 101348,
553,BVQ7-TTB-00553,BM/BVQ7/00553,Huyết áp kế lò xo / Áp kế y tế,YAMASU,996676,Khoa Khám Bệnh Đa Khoa,KKB,Dụng cụ đo lường y tế,Mức A,NaN,Giấy chứng nhận kiểm định,,IN_SERVICE,,2026-01-30,2027-01-31,056-003/01.26H,26A 101401,
554,BVQ7-TTB-00554,BM/BVQ7/00554,Máy ly tâm phòng xét nghiệm,Hermle Z36HK,58B2000001,Khoa Xét Nghiệm Y Học,XN,Thiết bị xét nghiệm & lab,Mức B,NaN,Giấy chứng nhận hiệu chuẩn,,IN_SERVICE,,2026-03-27,2027-03-27,056-1671/03.26,25A 201142,
555,BVQ7-TTB-00555,BM/BVQ7/00555,Nhiệt ẩm kế tự ghi,UHADO-16,A0C1038984C5,Khoa Khám Bệnh Đa Khoa,KKB,Dụng cụ đo lường y tế,Mức A,NaN,Giấy chứng nhận hiệu chuẩn,,IN_SERVICE,,2026-03-27,2027-03-27,056-1676/01.26,25A 201145,
556,BVQ7-TTB-00556,BM/BVQ7/00556,Nhiệt ẩm kế tự ghi,RC-4HC,EF7222103694,Khoa Khám Bệnh Đa Khoa,KKB,Dụng cụ đo lường y tế,Mức A,NaN,Giấy chứng nhận hiệu chuẩn,,IN_SERVICE,,2016-01-23,2027-01-31,056-383/01.26,25A 213422,
557,BVQ7-TTB-00557,BM/BVQ7/00557,Nhiệt kế điện tử y tế,UTRED30-WIFI,(1149),Khoa Khám Bệnh Đa Khoa,KKB,Dụng cụ đo lường y tế,Mức A,Logtag,,,IN_SERVICE,,2026-02-27,,056-392/02.26,25A 201149,
558,BVQ7-TTB-00558,BM/BVQ7/00558,Máy hấp tiệt trùng Person Medical,Person Medical VSC-60L,S-60224104,Trung Tâm Tiệt Trùng & KSNK (CSSD),CSSD,Thiết bị tiệt trùng & khử khuẩn,Mức A,NaN,Giấy chứng nhận hiệu chuẩn,,IN_SERVICE,,2026-01-23,2027-01-31,056-395/01.26,25A 214157,
559,BVQ7-TTB-00559,BM/BVQ7/00559,Huyết áp kế lò xo / Áp kế y tế,Lò xo,Nơi sản xuất: Kaipu,Khoa Khám Bệnh Đa Khoa,KKB,Dụng cụ đo lường y tế,Mức A,Year :,,,IN_SERVICE,,2026-01-30,,056-996/01.26P,26A 101366,
560,BVQ7-TTB-00560,BM/BVQ7/00560,Đợt tháng 2.26,Astral 150,GEN-6846164698196059331,Kho Lưu Trữ Thiết Bị / Chờ Cấp Phát,KHO,Thiết bị y tế khác,Mức A,,,,IN_SERVICE,,,,,,
561,BVQ7-TTB-00561,BM/BVQ7/00561,Q726010022B,N/A,GEN-7332361540005971240,Kho Lưu Trữ Thiết Bị / Chờ Cấp Phát,KHO,Thiết bị y tế khác,Mức A,,,,IN_SERVICE,,,,,,
562,BVQ7-TTB-00562,BM/BVQ7/00562,Q726010022C,N/A,GEN-1787417238274506494,Kho Lưu Trữ Thiết Bị / Chờ Cấp Phát,KHO,Thiết bị y tế khác,Mức A,,,,IN_SERVICE,,,,,,
563,BVQ7-TTB-00563,BM/BVQ7/00563,Q726010022D,N/A,GEN-6919051703225623744,Kho Lưu Trữ Thiết Bị / Chờ Cấp Phát,KHO,Thiết bị y tế khác,Mức A,,,,IN_SERVICE,,,,,,
564,BVQ7-TTB-00564,BM/BVQ7/00564,Huyết áp kế lò xo / Áp kế y tế,N/A,GEN-4568944557803667731,Khoa Khám Bệnh Đa Khoa,KKB,Dụng cụ đo lường y tế,Mức A,,,,IN_SERVICE,,,,,,
565,BVQ7-TTB-00565,BM/BVQ7/00565,Huyết áp kế lò xo / Áp kế y tế,HEM-8712,GEN-270209390832789555,Khoa Khám Bệnh Đa Khoa,KKB,Dụng cụ đo lường y tế,Mức A,,,,IN_SERVICE,,,,,,
566,BVQ7-TTB-00566,BM/BVQ7/00566,Huyết áp kế lò xo / Áp kế y tế,N/A,GEN-4881593718814920430,Khoa Khám Bệnh Đa Khoa,KKB,Dụng cụ đo lường y tế,Mức A,,,,IN_SERVICE,,,,,,
567,BVQ7-TTB-00567,BM/BVQ7/00567,Nhiệt kế điện tử y tế,N/A,GEN-4481588826689263211,Khoa Khám Bệnh Đa Khoa,KKB,Dụng cụ đo lường y tế,Mức A,,,,IN_SERVICE,,,,,,
568,BVQ7-TTB-00568,BM/BVQ7/00568,Nhiệt ẩm kế tự ghi,N/A,GEN-1063359334071752673,Khoa Khám Bệnh Đa Khoa,KKB,Dụng cụ đo lường y tế,Mức A,,,,IN_SERVICE,,,,,,
569,BVQ7-TTB-00569,BM/BVQ7/00569,Huyết áp kế lò xo / Áp kế y tế,N/A,GEN-508393050994607146,Khoa Khám Bệnh Đa Khoa,KKB,Dụng cụ đo lường y tế,Mức A,,,,IN_SERVICE,,,,,,
570,BVQ7-TTB-00570,BM/BVQ7/00570,Huyết áp kế lò xo / Áp kế y tế,N/A,GEN-5025945468227650868,Khoa Khám Bệnh Đa Khoa,KKB,Dụng cụ đo lường y tế,Mức A,,,,IN_SERVICE,,,,,,
571,BVQ7-TTB-00571,BM/BVQ7/00571,Nhiệt ẩm kế tự ghi,N/A,GEN-7215169796852880905,Khoa Khám Bệnh Đa Khoa,KKB,Dụng cụ đo lường y tế,Mức A,,,,IN_SERVICE,,,,,,
572,BVQ7-TTB-00572,BM/BVQ7/00572,Cân sức khỏe y tế,N/A,GEN-1725482394641548400,Khoa Khám Bệnh Đa Khoa,KKB,Thiết bị y tế khác,Mức A,,,,IN_SERVICE,,,,,,
573,BVQ7-TTB-00573,BM/BVQ7/00573,Cân sức khỏe y tế,N/A,GEN-2197782813414202761,Khoa Khám Bệnh Đa Khoa,KKB,Thiết bị y tế khác,Mức A,,,,IN_SERVICE,,,,,,
574,BVQ7-TTB-00574,BM/BVQ7/00574,Huyết áp kế lò xo / Áp kế y tế,N/A,GEN-6502389565969581720,Khoa Khám Bệnh Đa Khoa,KKB,Dụng cụ đo lường y tế,Mức A,,,,IN_SERVICE,,,,,,
575,BVQ7-TTB-00575,BM/BVQ7/00575,Huyết áp kế lò xo / Áp kế y tế,HEM-8712,GEN-1903360150857347715,Khoa Khám Bệnh Đa Khoa,KKB,Dụng cụ đo lường y tế,Mức A,,,,IN_SERVICE,,,,,,
576,BVQ7-TTB-00576,BM/BVQ7/00576,Huyết áp kế lò xo / Áp kế y tế,N/A,GEN-5235953745711577884,Khoa Khám Bệnh Đa Khoa,KKB,Dụng cụ đo lường y tế,Mức A,,,,IN_SERVICE,,,,,,
577,BVQ7-TTB-00577,BM/BVQ7/00577,Nhiệt ẩm kế tự ghi,N/A,GEN-3137426859950774589,Khoa Khám Bệnh Đa Khoa,KKB,Dụng cụ đo lường y tế,Mức A,,,,IN_SERVICE,,,,,,
578,BVQ7-TTB-00578,BM/BVQ7/00578,Nhiệt ẩm kế tự ghi,N/A,GEN-1439434222551748752,Khoa Khám Bệnh Đa Khoa,KKB,Dụng cụ đo lường y tế,Mức A,,,,IN_SERVICE,,,,,,
579,BVQ7-TTB-00579,BM/BVQ7/00579,Nồi hấp tiệt trùng,N/A,GEN-7168083492844542228,Trung Tâm Tiệt Trùng & KSNK (CSSD),CSSD,Thiết bị tiệt trùng & khử khuẩn,Mức B,,,,IN_SERVICE,,,,,,
580,BVQ7-TTB-00580,BM/BVQ7/00580,Huyết áp kế lò xo / Áp kế y tế,N/A,GEN-8282038041666030208,Khoa Khám Bệnh Đa Khoa,KKB,Dụng cụ đo lường y tế,Mức A,,,,IN_SERVICE,,,,,,
581,BVQ7-TTB-00581,BM/BVQ7/00581,Huyết áp kế lò xo / Áp kế y tế,HEM-7143T1,GEN-3300436597046064021,Khoa Khám Bệnh Đa Khoa,KKB,Dụng cụ đo lường y tế,Mức A,,,,IN_SERVICE,,,,,,
582,BVQ7-TTB-00582,BM/BVQ7/00582,BBNT khối lượng CV,N/A,GEN-7482932145019781900,Kho Lưu Trữ Thiết Bị / Chờ Cấp Phát,KHO,Thiết bị y tế khác,Mức A,,,,IN_SERVICE,,,,,,
583,BVQ7-TTB-00583,BM/BVQ7/00583,Máy thận nhân tạo,4008S,GEN-6291805568548063937,Đơn Vị Thận Nhân Tạo / Lọc Máu,TNT,Thiết bị y tế khác,Mức C,,,,IN_SERVICE,,,,,,
585,BVQ7-TTB-00585,BM/BVQ7/00585,BBNT khối lượng công việc,N/A,GEN-5862435252398170872,Kho Lưu Trữ Thiết Bị / Chờ Cấp Phát,KHO,Thiết bị y tế khác,Mức A,,,,IN_SERVICE,,,,,,
586,BVQ7-TTB-00586,BM/BVQ7/00586,Máy thở chuyên dụng,TV-100,GEN-8464493862990022840,Khoa Cấp Cứu - Hồi Sức Tích Cực,ICU,Thiết bị y tế khác,Mức D,,,,IN_SERVICE,,,,,,
588,BVQ7-TTB-00588,BM/BVQ7/00588,Hóa đơn,N/A,GEN-1989552962832955176,Kho Lưu Trữ Thiết Bị / Chờ Cấp Phát,KHO,Thiết bị y tế khác,Mức A,,,,IN_SERVICE,,,,,,
589,BVQ7-TTB-00589,BM/BVQ7/00589,MỤC 11. Giấy kiểm đinh,N/A,GEN-52797392134469377,Kho Lưu Trữ Thiết Bị / Chờ Cấp Phát,KHO,Thiết bị y tế khác,Mức A,,,,IN_SERVICE,,,,,,
590,BVQ7-TTB-00590,BM/BVQ7/00590,MỤC 12. Giấy hiệu chuẩn,N/A,GEN-8162287379134932981,Kho Lưu Trữ Thiết Bị / Chờ Cấp Phát,KHO,Thiết bị y tế khác,Mức A,,,,IN_SERVICE,,,,,,
591,BVQ7-TTB-00591,BM/BVQ7/00591,Huyết áp kế lò xo / Áp kế y tế,N/A,GEN-1839179257830103418,Khoa Khám Bệnh Đa Khoa,KKB,Thiết bị y tế khác,Mức A,,,,IN_SERVICE,,,,,,
592,BVQ7-TTB-00592,BM/BVQ7/00592,Huyết áp kế lò xo / Áp kế y tế,N/A,GEN-7984917080990681457,Khoa Khám Bệnh Đa Khoa,KKB,Thiết bị y tế khác,Mức A,,,,IN_SERVICE,,,,,,
593,BVQ7-TTB-00593,BM/BVQ7/00593,Máy phá rung tim,TEC-5631,GEN-2422162143958223687,Khoa Cấp Cứu - Hồi Sức Tích Cực,ICU,Thiết bị y tế khác,Mức D,,,,IN_SERVICE,,,,,,
594,BVQ7-TTB-00594,BM/BVQ7/00594,Dao mổ điện cao tần,Zeus-150,GEN-6342824417944780620,Khoa Phẫu Thuật - GMHS / Phòng Mổ,GMHS,Thiết bị y tế khác,Mức C,,,,IN_SERVICE,,,,,,
595,BVQ7-TTB-00595,BM/BVQ7/00595,Nồi hấp tiệt trùng,N/A,GEN-5938196483650271077,Trung Tâm Tiệt Trùng & KSNK (CSSD),CSSD,Thiết bị y tế khác,Mức B,,,,IN_SERVICE,,,,,,
596,BVQ7-TTB-00596,BM/BVQ7/00596,MỤC 6. Giấy hiệu chuẩn,N/A,GEN-5891954181915027653,Kho Lưu Trữ Thiết Bị / Chờ Cấp Phát,KHO,Thiết bị y tế khác,Mức A,,,,IN_SERVICE,,,,,,
597,BVQ7-TTB-00597,BM/BVQ7/00597,Huyết áp kế lò xo / Áp kế y tế,N/A,GEN-1043405834248342633,Khoa Khám Bệnh Đa Khoa,KKB,Thiết bị y tế khác,Mức A,,,,IN_SERVICE,,,,,,
598,BVQ7-TTB-00598,BM/BVQ7/00598,Dao mổ điện cao tần,N/A,GEN-293414889914941629,Khoa Phẫu Thuật - GMHS / Phòng Mổ,GMHS,Thiết bị y tế khác,Mức C,,,,IN_SERVICE,,,,,,
600,BVQ7-TTB-00600,BM/BVQ7/00600,Huyết áp kế lò xo / Áp kế y tế,N/A,GEN-6050989815923111825,Khoa Khám Bệnh Đa Khoa,KKB,Dụng cụ đo lường y tế,Mức A,,,,IN_SERVICE,,,,,,
601,BVQ7-TTB-00601,BM/BVQ7/00601,Cân sức khỏe y tế,N/A,GEN-8198730904759785348,Khoa Khám Bệnh Đa Khoa,KKB,Thiết bị y tế khác,Mức A,,,,IN_SERVICE,,,,,,
602,BVQ7-TTB-00602,BM/BVQ7/00602,Huyết áp kế lò xo / Áp kế y tế,N/A,GEN-4603303861740486428,Khoa Khám Bệnh Đa Khoa,KKB,Dụng cụ đo lường y tế,Mức A,,,,IN_SERVICE,,,,,,
603,BVQ7-TTB-00603,BM/BVQ7/00603,Tủ lạnh bảo quản mẫu y tế,N/A,GEN-2702531125188918780,Kho Lưu Trữ Thiết Bị / Chờ Cấp Phát,KHO,Thiết bị y tế khác,Mức A,,,,IN_SERVICE,,,,,,
604,BVQ7-TTB-00604,BM/BVQ7/00604,Máy ly tâm phòng xét nghiệm,N/A,GEN-2956544084551325016,Khoa Xét Nghiệm Y Học,XN,Thiết bị xét nghiệm & lab,Mức B,,,,IN_SERVICE,,,,,,
605,BVQ7-TTB-00605,BM/BVQ7/00605,Tủ an toàn sinh học,N/A,GEN-7400925689123012476,Kho Lưu Trữ Thiết Bị / Chờ Cấp Phát,KHO,Thiết bị y tế khác,Mức A,,,,IN_SERVICE,,,,,,
606,BVQ7-TTB-00606,BM/BVQ7/00606,Máy thận nhân tạo,4008 S,GEN-4840959879821684592,Đơn Vị Thận Nhân Tạo / Lọc Máu,TNT,Thận nhân tạo & Lọc máu,Mức C,,,,IN_SERVICE,,,,,,
607,BVQ7-TTB-00607,BM/BVQ7/00607,Máy đo suất liều bức xạ cầm tay,N/A,GEN-2657057501877360194,Kho Lưu Trữ Thiết Bị / Chờ Cấp Phát,KHO,Thiết bị y tế khác,Mức A,,,,IN_SERVICE,,,,,,
608,BVQ7-TTB-00608,BM/BVQ7/00608,GP,N/A,GEN-1062430801688876812,Kho Lưu Trữ Thiết Bị / Chờ Cấp Phát,KHO,Thiết bị y tế khác,Mức A,,,,IN_SERVICE,,,,,,
609,BVQ7-TTB-00609,BM/BVQ7/00609,Máy đo liều bức xạ cầm tay (chứng chỉ hiệu chuẩn kèm theo),N/A,GEN-8878109982965219009,Kho Lưu Trữ Thiết Bị / Chờ Cấp Phát,KHO,Thiết bị y tế khác,Mức A,,,,IN_SERVICE,,,,,,
610,BVQ7-TTB-00610,BM/BVQ7/00610,Máy đo liều bức xạ cầm tay (chứng chỉ hiệu chuẩn kèm theo),N/A,GEN-7423905898417001383,Kho Lưu Trữ Thiết Bị / Chờ Cấp Phát,KHO,Thiết bị y tế khác,Mức A,,,,IN_SERVICE,,,,,,
611,BVQ7-TTB-00611,BM/BVQ7/00611,Nhiệt kế điện tử y tế,N/A,GEN-148192662569144082,Khoa Khám Bệnh Đa Khoa,KKB,Dụng cụ đo lường y tế,Mức A,,,,IN_SERVICE,,,,,,
612,BVQ7-TTB-00612,BM/BVQ7/00612,Nhiệt ẩm kế tự ghi,N/A,GEN-6532609201161577315,Khoa Khám Bệnh Đa Khoa,KKB,Dụng cụ đo lường y tế,Mức A,,,,IN_SERVICE,,,,,,
613,BVQ7-TTB-00613,BM/BVQ7/00613,Nhiệt ẩm kế tự ghi,N/A,GEN-5477991587075618410,Khoa Khám Bệnh Đa Khoa,KKB,Dụng cụ đo lường y tế,Mức A,,,,IN_SERVICE,,,,,,
614,BVQ7-TTB-00614,BM/BVQ7/00614,Tủ lạnh bảo quản mẫu y tế,N/A,GEN-2705857228129846943,Kho Lưu Trữ Thiết Bị / Chờ Cấp Phát,KHO,Thiết bị y tế khác,Mức A,,,,IN_SERVICE,,,,,,
615,BVQ7-TTB-00615,BM/BVQ7/00615,Tủ lạnh bảo quản mẫu y tế,N/A,GEN-6709003703906986316,Kho Lưu Trữ Thiết Bị / Chờ Cấp Phát,KHO,Thiết bị y tế khác,Mức A,,,,IN_SERVICE,,,,,,
616,BVQ7-TTB-00616,BM/BVQ7/00616,Nhiệt ẩm kế tự ghi,N/A,GEN-5467476220476926039,Khoa Khám Bệnh Đa Khoa,KKB,Dụng cụ đo lường y tế,Mức A,,,,IN_SERVICE,,,,,,
617,BVQ7-TTB-00617,BM/BVQ7/00617,Huyết áp kế lò xo / Áp kế y tế,N/A,GEN-1857540833820617827,Khoa Khám Bệnh Đa Khoa,KKB,Dụng cụ đo lường y tế,Mức A,,,,IN_SERVICE,,,,,,
618,BVQ7-TTB-00618,BM/BVQ7/00618,Máy ly tâm phòng xét nghiệm,N/A,GEN-1154029504977188507,Khoa Xét Nghiệm Y Học,XN,Thiết bị xét nghiệm & lab,Mức B,,,,IN_SERVICE,,,,,,
619,BVQ7-TTB-00619,BM/BVQ7/00619,Tủ an toàn sinh học,N/A,GEN-5489306300568874499,Kho Lưu Trữ Thiết Bị / Chờ Cấp Phát,KHO,Thiết bị y tế khác,Mức A,,,,IN_SERVICE,,,,,,
620,BVQ7-TTB-00620,BM/BVQ7/00620,Nhiệt ẩm kế tự ghi,N/A,GEN-7540486091476907682,Khoa Khám Bệnh Đa Khoa,KKB,Dụng cụ đo lường y tế,Mức A,,,,IN_SERVICE,,,,,,
621,BVQ7-TTB-00621,BM/BVQ7/00621,Nhiệt kế y tế,N/A,GEN-3042254087782669670,Khoa Khám Bệnh Đa Khoa,KKB,Dụng cụ đo lường y tế,Mức A,,,,IN_SERVICE,,,,,,
622,BVQ7-TTB-00622,BM/BVQ7/00622,Pipet,N/A,GEN-6051288051834464741,Kho Lưu Trữ Thiết Bị / Chờ Cấp Phát,KHO,Thiết bị y tế khác,Mức A,,,,IN_SERVICE,,,,,,
623,BVQ7-TTB-00623,BM/BVQ7/00623,Tủ lạnh bảo quản mẫu y tế,N/A,GEN-334761002539534280,Kho Lưu Trữ Thiết Bị / Chờ Cấp Phát,KHO,Thiết bị y tế khác,Mức A,,,,IN_SERVICE,,,,,,
624,BVQ7-TTB-00624,BM/BVQ7/00624,Buồng đo thính lực,N/A,GEN-8901915789136171972,Khoa Tai Mũi Họng,TMH,Thiết bị y tế khác,Mức A,,,,IN_SERVICE,,,,,,
625,BVQ7-TTB-00625,BM/BVQ7/00625,Dao mổ điện cao tần,ZEUS-150,GEN-8558198311946254099,Khoa Phẫu Thuật - GMHS / Phòng Mổ,GMHS,Thiết bị y tế khác,Mức C,,,,IN_SERVICE,,,,,,
628,BVQ7-TTB-00628,BM/BVQ7/00628,HĐ 01104.25 MS 03537.25,N/A,GEN-1616189941950302891,Kho Lưu Trữ Thiết Bị / Chờ Cấp Phát,KHO,Thiết bị y tế khác,Mức A,,,,IN_SERVICE,,,,,,
629,BVQ7-TTB-00629,BM/BVQ7/00629,Máy thận nhân tạo,4008 S,GEN-1566126582044608815,Đơn Vị Thận Nhân Tạo / Lọc Máu,TNT,Thận nhân tạo & Lọc máu,Mức C,,,,IN_SERVICE,,,,,,
630,BVQ7-TTB-00630,BM/BVQ7/00630,Máy thở vận chuyển bệnh nhân,Astral 150,GEN-8709397975413760588,Khoa Cấp Cứu - Hồi Sức Tích Cực,ICU,Thiết bị y tế khác,Mức D,,,,IN_SERVICE,,,,,,
631,BVQ7-TTB-00631,BM/BVQ7/00631,Máy thở chuyên dụng,Astral 150,GEN-3421888421846127222,Khoa Cấp Cứu - Hồi Sức Tích Cực,ICU,Máy thở & Hô hấp,Mức D,,,,IN_SERVICE,,,,,,
632,BVQ7-TTB-00632,BM/BVQ7/00632,Nồi hấp tiệt trùng,N/A,GEN-6776317717823179880,Trung Tâm Tiệt Trùng & KSNK (CSSD),CSSD,Thiết bị tiệt trùng & khử khuẩn,Mức B,,,,IN_SERVICE,,,,,,
633,BVQ7-TTB-00633,BM/BVQ7/00633,Nồi hấp tiệt trùng,N/A,GEN-8151756855317748994,Trung Tâm Tiệt Trùng & KSNK (CSSD),CSSD,Thiết bị y tế khác,Mức B,,,,IN_SERVICE,,,,,,
634,BVQ7-TTB-00634,BM/BVQ7/00634,Nồi hấp tiệt trùng,N/A,GEN-5667596072952400179,Trung Tâm Tiệt Trùng & KSNK (CSSD),CSSD,Thiết bị y tế khác,Mức B,,,,IN_SERVICE,,,,,,
635,BVQ7-TTB-00635,BM/BVQ7/00635,Kết quả dịch bù HDF Online,N/A,GEN-2525000215187350194,Đơn Vị Thận Nhân Tạo / Lọc Máu,TNT,Thiết bị y tế khác,Mức A,,,,IN_SERVICE,,,,,,
636,BVQ7-TTB-00636,BM/BVQ7/00636,Nội độc tố nước đầu vào TNT,N/A,GEN-3180434319430583758,Đơn Vị Thận Nhân Tạo / Lọc Máu,TNT,Thiết bị y tế khác,Mức A,,,,IN_SERVICE,,,,,,
637,BVQ7-TTB-00637,BM/BVQ7/00637,kết quả xét nghiệm vinh sinh và Ion đồ của hệ thống máy AquaB Plus,N/A,GEN-7688404092447631820,Khoa Xét Nghiệm Y Học,XN,Thiết bị xét nghiệm & lab,Mức A,,,,IN_SERVICE,,,,,,
638,BVQ7-TTB-00638,BM/BVQ7/00638,Máy chụp X-Quang kỹ thuật số,PRODIGY,GEN-3225596692137430333,Khoa Chẩn Đoán Hình Ảnh,CDHA,Thiết bị y tế khác,Mức C,,,,IN_SERVICE,,,,,,
639,BVQ7-TTB-00639,BM/BVQ7/00639,Máy chụp X-Quang kỹ thuật số,PRODIGY,GEN-4271871458220640236,Khoa Chẩn Đoán Hình Ảnh,CDHA,Thiết bị y tế khác,Mức C,,,,IN_SERVICE,,,,,,
640,BVQ7-TTB-00640,BM/BVQ7/00640,Máy chụp X-Quang kỹ thuật số,V080,GEN-2896875821211874850,Khoa Chẩn Đoán Hình Ảnh,CDHA,Thiết bị y tế khác,Mức C,,,,IN_SERVICE,,,,,,
641,BVQ7-TTB-00641,BM/BVQ7/00641,Máy điện tim (ECG),N/A,GEN-5687438505213638015,Kho Lưu Trữ Thiết Bị / Chờ Cấp Phát,KHO,Theo dõi bệnh nhân & Điện tim,Mức B,,,,IN_SERVICE,,,,,,
642,BVQ7-TTB-00642,BM/BVQ7/00642,RO máy rửa quả lọc TNT,N/A,GEN-5559683663191426522,Đơn Vị Thận Nhân Tạo / Lọc Máu,TNT,Thận nhân tạo & Lọc máu,Mức A,,,,IN_SERVICE,,,,,,
643,BVQ7-TTB-00643,BM/BVQ7/00643,RO máy thận TNT,N/A,GEN-2766460654781136179,Đơn Vị Thận Nhân Tạo / Lọc Máu,TNT,Thận nhân tạo & Lọc máu,Mức A,,,,IN_SERVICE,,,,,,
644,BVQ7-TTB-00644,BM/BVQ7/00644,Scan kiểm xạ xq,N/A,GEN-6836913583392252444,Kho Lưu Trữ Thiết Bị / Chờ Cấp Phát,KHO,Thiết bị y tế khác,Mức A,,,,IN_SERVICE,,,,,,
645,BVQ7-TTB-00645,BM/BVQ7/00645,Nghiệm Thu - xác nhận khối lượng CV,N/A,GEN-8241733465116722753,Kho Lưu Trữ Thiết Bị / Chờ Cấp Phát,KHO,Thiết bị y tế khác,Mức A,,,,IN_SERVICE,,,,,,
646,BVQ7-TTB-00646,BM/BVQ7/00646,BBKX hien truong,N/A,GEN-2276642674932022292,Kho Lưu Trữ Thiết Bị / Chờ Cấp Phát,KHO,Thiết bị y tế khác,Mức A,,,,IN_SERVICE,,,,,,
649,BVQ7-TTB-00649,BM/BVQ7/00649,BB kiểm xạ Tâm Anh Q7 (lần 2) 06.09.2024 - ko đạt,N/A,GEN-2520713112953263715,Kho Lưu Trữ Thiết Bị / Chờ Cấp Phát,KHO,Thiết bị y tế khác,Mức A,,,,IN_SERVICE,,,,,,
650,BVQ7-TTB-00650,BM/BVQ7/00650,Máy ly tâm phòng xét nghiệm,N/A,GEN-6735339791991619689,Khoa Xét Nghiệm Y Học,XN,Thiết bị xét nghiệm & lab,Mức B,,,,IN_SERVICE,,,,,,
651,BVQ7-TTB-00651,BM/BVQ7/00651,Máy điện tim (ECG),N/A,GEN-1924929208612467845,Kho Lưu Trữ Thiết Bị / Chờ Cấp Phát,KHO,Theo dõi bệnh nhân & Điện tim,Mức B,,,,IN_SERVICE,,,,,,
652,BVQ7-TTB-00652,BM/BVQ7/00652,Máy theo dõi bệnh nhân (Monitor),B125,GEN-8799805692173300536,Khoa Cấp Cứu - Hồi Sức Tích Cực,ICU,Theo dõi bệnh nhân & Điện tim,Mức B,,,,IN_SERVICE,,,,,,
653,BVQ7-TTB-00653,BM/BVQ7/00653,Huyết áp kế lò xo / Áp kế y tế,N/A,GEN-5171110963471084626,Khoa Khám Bệnh Đa Khoa,KKB,Dụng cụ đo lường y tế,Mức A,,,,IN_SERVICE,,,,,,
654,BVQ7-TTB-00654,BM/BVQ7/00654,Cân sức khỏe y tế,N/A,GEN-9012529706606683899,Khoa Khám Bệnh Đa Khoa,KKB,Thiết bị y tế khác,Mức A,,,,IN_SERVICE,,,,,,
655,BVQ7-TTB-00655,BM/BVQ7/00655,Nhiệt ẩm kế tự ghi,N/A,GEN-8505998401478175024,Khoa Khám Bệnh Đa Khoa,KKB,Dụng cụ đo lường y tế,Mức A,,,,IN_SERVICE,,,,,,
656,BVQ7-TTB-00656,BM/BVQ7/00656,Nhiệt ẩm kế tự ghi,N/A,GEN-1799783865672547566,Khoa Khám Bệnh Đa Khoa,KKB,Dụng cụ đo lường y tế,Mức A,,,,IN_SERVICE,,,,,,
657,BVQ7-TTB-00657,BM/BVQ7/00657,Máy điện tim (ECG),N/A,GEN-4703412670009106440,Kho Lưu Trữ Thiết Bị / Chờ Cấp Phát,KHO,Theo dõi bệnh nhân & Điện tim,Mức B,,,,IN_SERVICE,,,,,,
658,BVQ7-TTB-00658,BM/BVQ7/00658,Huyết áp kế lò xo / Áp kế y tế,N/A,GEN-4682140858845770862,Khoa Khám Bệnh Đa Khoa,KKB,Dụng cụ đo lường y tế,Mức A,,,,IN_SERVICE,,,,,,
659,BVQ7-TTB-00659,BM/BVQ7/00659,bể ổn nhiệt T10,N/A,GEN-2993795692486375925,Kho Lưu Trữ Thiết Bị / Chờ Cấp Phát,KHO,Thiết bị y tế khác,Mức A,,,,IN_SERVICE,,,,,,
660,BVQ7-TTB-00660,BM/BVQ7/00660,Máy ly tâm phòng xét nghiệm,N/A,GEN-4749476390400631945,Khoa Xét Nghiệm Y Học,XN,Thiết bị xét nghiệm & lab,Mức B,,,,IN_SERVICE,,,,,,
661,BVQ7-TTB-00661,BM/BVQ7/00661,Nồi hấp tiệt trùng,N/A,GEN-4910651387835947161,Trung Tâm Tiệt Trùng & KSNK (CSSD),CSSD,Thiết bị tiệt trùng & khử khuẩn,Mức B,,,,IN_SERVICE,,,,,,
662,BVQ7-TTB-00662,BM/BVQ7/00662,Nồi hấp tiệt trùng,N/A,GEN-2854302568081032620,Trung Tâm Tiệt Trùng & KSNK (CSSD),CSSD,Thiết bị tiệt trùng & khử khuẩn,Mức B,,,,IN_SERVICE,,,,,,
663,BVQ7-TTB-00663,BM/BVQ7/00663,pipet T10,N/A,GEN-7667564403175904424,Kho Lưu Trữ Thiết Bị / Chờ Cấp Phát,KHO,Thiết bị y tế khác,Mức A,,,,IN_SERVICE,,,,,,
664,BVQ7-TTB-00664,BM/BVQ7/00664,Nhiệt ẩm kế tự ghi,N/A,GEN-895907033129079869,Khoa Khám Bệnh Đa Khoa,KKB,Dụng cụ đo lường y tế,Mức A,,,,IN_SERVICE,,,,,,
665,BVQ7-TTB-00665,BM/BVQ7/00665,Nhiệt ẩm kế tự ghi,N/A,GEN-8220894003148897040,Khoa Khám Bệnh Đa Khoa,KKB,Dụng cụ đo lường y tế,Mức A,,,,IN_SERVICE,,,,,,
666,BVQ7-TTB-00666,BM/BVQ7/00666,Nhiệt ẩm kế tự ghi,N/A,GEN-924424084171231318,Khoa Khám Bệnh Đa Khoa,KKB,Dụng cụ đo lường y tế,Mức A,,,,IN_SERVICE,,,,,,
667,BVQ7-TTB-00667,BM/BVQ7/00667,Huyết áp kế lò xo / Áp kế y tế,N/A,GEN-8942061018014790451,Khoa Khám Bệnh Đa Khoa,KKB,Dụng cụ đo lường y tế,Mức A,,,,IN_SERVICE,,,,,,
668,BVQ7-TTB-00668,BM/BVQ7/00668,Kết quả đo độ rung và tiếng ồn,N/A,GEN-2768119190617074597,Kho Lưu Trữ Thiết Bị / Chờ Cấp Phát,KHO,Thiết bị y tế khác,Mức A,,,,IN_SERVICE,,,,,,
669,BVQ7-TTB-00669,BM/BVQ7/00669,Máy phá rung tim,N/A,GEN-5949959868454200435,Khoa Cấp Cứu - Hồi Sức Tích Cực,ICU,Cấp cứu & Máy phá rung tim,Mức D,,,,IN_SERVICE,,,,,,
670,BVQ7-TTB-00670,BM/BVQ7/00670,Nhiệt kế điện tử y tế,N/A,GEN-2930645431542904439,Khoa Khám Bệnh Đa Khoa,KKB,Dụng cụ đo lường y tế,Mức A,,,,IN_SERVICE,,,,,,
671,BVQ7-TTB-00671,BM/BVQ7/00671,Huyết áp kế lò xo / Áp kế y tế,N/A,GEN-1503184713603928923,Khoa Khám Bệnh Đa Khoa,KKB,Dụng cụ đo lường y tế,Mức A,,,,IN_SERVICE,,,,,,
672,BVQ7-TTB-00672,BM/BVQ7/00672,Nhiệt kế điện tử y tế,N/A,GEN-5432334931413522994,Khoa Khám Bệnh Đa Khoa,KKB,Dụng cụ đo lường y tế,Mức A,,,,IN_SERVICE,,,,,,
673,BVQ7-TTB-00673,BM/BVQ7/00673,Nhiệt kế điện tử y tế,N/A,GEN-1509709225359553635,Khoa Khám Bệnh Đa Khoa,KKB,Dụng cụ đo lường y tế,Mức A,,,,IN_SERVICE,,,,,,
674,BVQ7-TTB-00674,BM/BVQ7/00674,Nhiệt kế điện tử y tế,N/A,GEN-4734268819882460032,Khoa Khám Bệnh Đa Khoa,KKB,Dụng cụ đo lường y tế,Mức A,,,,IN_SERVICE,,,,,,
675,BVQ7-TTB-00675,BM/BVQ7/00675,Nhiệt kế điện tử y tế,N/A,GEN-2407825738353849573,Khoa Khám Bệnh Đa Khoa,KKB,Dụng cụ đo lường y tế,Mức A,,,,IN_SERVICE,,,,,,
676,BVQ7-TTB-00676,BM/BVQ7/00676,Nhiệt kế điện tử y tế,N/A,GEN-8425397495570450989,Khoa Khám Bệnh Đa Khoa,KKB,Dụng cụ đo lường y tế,Mức A,,,,IN_SERVICE,,,,,,
677,BVQ7-TTB-00677,BM/BVQ7/00677,Nhiệt kế điện tử y tế,N/A,GEN-6756898070234543264,Khoa Khám Bệnh Đa Khoa,KKB,Dụng cụ đo lường y tế,Mức A,,,,IN_SERVICE,,,,,,
678,BVQ7-TTB-00678,BM/BVQ7/00678,Nhiệt kế điện tử y tế,N/A,GEN-6513453540129822347,Khoa Khám Bệnh Đa Khoa,KKB,Dụng cụ đo lường y tế,Mức A,,,,IN_SERVICE,,,,,,
679,BVQ7-TTB-00679,BM/BVQ7/00679,Nhiệt kế điện tử y tế,N/A,GEN-3150181942349808664,Khoa Khám Bệnh Đa Khoa,KKB,Dụng cụ đo lường y tế,Mức A,,,,IN_SERVICE,,,,,,
680,BVQ7-TTB-00680,BM/BVQ7/00680,Nhiệt kế điện tử y tế,N/A,GEN-6539707659435124471,Khoa Khám Bệnh Đa Khoa,KKB,Dụng cụ đo lường y tế,Mức A,,,,IN_SERVICE,,,,,,
681,BVQ7-TTB-00681,BM/BVQ7/00681,Nhiệt kế điện tử y tế,N/A,GEN-2505260183742992243,Khoa Khám Bệnh Đa Khoa,KKB,Dụng cụ đo lường y tế,Mức A,,,,IN_SERVICE,,,,,,
682,BVQ7-TTB-00682,BM/BVQ7/00682,Nhiệt kế điện tử y tế,N/A,GEN-551727994193694984,Khoa Khám Bệnh Đa Khoa,KKB,Dụng cụ đo lường y tế,Mức A,,,,IN_SERVICE,,,,,,
683,BVQ7-TTB-00683,BM/BVQ7/00683,Nhiệt kế điện tử y tế,N/A,GEN-1785388223527037512,Khoa Khám Bệnh Đa Khoa,KKB,Dụng cụ đo lường y tế,Mức A,,,,IN_SERVICE,,,,,,
684,BVQ7-TTB-00684,BM/BVQ7/00684,Nhiệt kế điện tử y tế,N/A,GEN-3587168558068531328,Khoa Khám Bệnh Đa Khoa,KKB,Dụng cụ đo lường y tế,Mức A,,,,IN_SERVICE,,,,,,
685,BVQ7-TTB-00685,BM/BVQ7/00685,Nhiệt kế điện tử y tế,N/A,GEN-6353054614524381519,Khoa Khám Bệnh Đa Khoa,KKB,Dụng cụ đo lường y tế,Mức A,,,,IN_SERVICE,,,,,,
686,BVQ7-TTB-00686,BM/BVQ7/00686,Nhiệt kế điện tử y tế,N/A,GEN-5566531311091443926,Khoa Khám Bệnh Đa Khoa,KKB,Dụng cụ đo lường y tế,Mức A,,,,IN_SERVICE,,,,,,
687,BVQ7-TTB-00687,BM/BVQ7/00687,Nhiệt kế điện tử y tế,N/A,GEN-1203414587191665053,Khoa Khám Bệnh Đa Khoa,KKB,Dụng cụ đo lường y tế,Mức A,,,,IN_SERVICE,,,,,,
688,BVQ7-TTB-00688,BM/BVQ7/00688,Nhiệt kế điện tử y tế,N/A,GEN-160715040222451622,Khoa Khám Bệnh Đa Khoa,KKB,Dụng cụ đo lường y tế,Mức A,,,,IN_SERVICE,,,,,,
689,BVQ7-TTB-00689,BM/BVQ7/00689,Nhiệt kế điện tử y tế,N/A,GEN-812286154636345992,Khoa Khám Bệnh Đa Khoa,KKB,Dụng cụ đo lường y tế,Mức A,,,,IN_SERVICE,,,,,,
690,BVQ7-TTB-00690,BM/BVQ7/00690,Nhiệt kế điện tử y tế,N/A,GEN-1357451737203877860,Khoa Khám Bệnh Đa Khoa,KKB,Dụng cụ đo lường y tế,Mức A,,,,IN_SERVICE,,,,,,
691,BVQ7-TTB-00691,BM/BVQ7/00691,Nhiệt kế điện tử y tế,N/A,GEN-5343885960709138571,Khoa Khám Bệnh Đa Khoa,KKB,Dụng cụ đo lường y tế,Mức A,,,,IN_SERVICE,,,,,,
692,BVQ7-TTB-00692,BM/BVQ7/00692,Nhiệt kế điện tử y tế,N/A,GEN-3490405135783105595,Khoa Khám Bệnh Đa Khoa,KKB,Dụng cụ đo lường y tế,Mức A,,,,IN_SERVICE,,,,,,
693,BVQ7-TTB-00693,BM/BVQ7/00693,Nhiệt kế điện tử y tế,N/A,GEN-3734747548352527183,Khoa Khám Bệnh Đa Khoa,KKB,Dụng cụ đo lường y tế,Mức A,,,,IN_SERVICE,,,,,,
694,BVQ7-TTB-00694,BM/BVQ7/00694,Nhiệt kế điện tử y tế,N/A,GEN-7361177628818531556,Khoa Khám Bệnh Đa Khoa,KKB,Dụng cụ đo lường y tế,Mức A,,,,IN_SERVICE,,,,,,
695,BVQ7-TTB-00695,BM/BVQ7/00695,Nhiệt kế điện tử y tế,N/A,GEN-4514530947253858349,Khoa Khám Bệnh Đa Khoa,KKB,Dụng cụ đo lường y tế,Mức A,,,,IN_SERVICE,,,,,,
696,BVQ7-TTB-00696,BM/BVQ7/00696,Nhiệt kế điện tử y tế,N/A,GEN-3196517234564654090,Khoa Khám Bệnh Đa Khoa,KKB,Dụng cụ đo lường y tế,Mức A,,,,IN_SERVICE,,,,,,
697,BVQ7-TTB-00697,BM/BVQ7/00697,Nhiệt kế điện tử y tế,N/A,GEN-7521443228296925720,Khoa Khám Bệnh Đa Khoa,KKB,Dụng cụ đo lường y tế,Mức A,,,,IN_SERVICE,,,,,,
698,BVQ7-TTB-00698,BM/BVQ7/00698,Nhiệt kế điện tử y tế,N/A,GEN-7105195892253874292,Khoa Khám Bệnh Đa Khoa,KKB,Dụng cụ đo lường y tế,Mức A,,,,IN_SERVICE,,,,,,
699,BVQ7-TTB-00699,BM/BVQ7/00699,Nhiệt kế điện tử y tế,N/A,GEN-9181244831703144288,Khoa Khám Bệnh Đa Khoa,KKB,Dụng cụ đo lường y tế,Mức A,,,,IN_SERVICE,,,,,,
700,BVQ7-TTB-00700,BM/BVQ7/00700,Nhiệt kế điện tử y tế,N/A,GEN-6339046547406731728,Khoa Khám Bệnh Đa Khoa,KKB,Dụng cụ đo lường y tế,Mức A,,,,IN_SERVICE,,,,,,
701,BVQ7-TTB-00701,BM/BVQ7/00701,Nhiệt kế điện tử y tế,N/A,GEN-2300905734596646281,Khoa Khám Bệnh Đa Khoa,KKB,Dụng cụ đo lường y tế,Mức A,,,,IN_SERVICE,,,,,,
702,BVQ7-TTB-00702,BM/BVQ7/00702,Nhiệt kế điện tử y tế,N/A,GEN-1745414244143024790,Khoa Khám Bệnh Đa Khoa,KKB,Dụng cụ đo lường y tế,Mức A,,,,IN_SERVICE,,,,,,
703,BVQ7-TTB-00703,BM/BVQ7/00703,Nhiệt kế điện tử y tế,N/A,GEN-7432143685866735188,Khoa Khám Bệnh Đa Khoa,KKB,Dụng cụ đo lường y tế,Mức A,,,,IN_SERVICE,,,,,,
704,BVQ7-TTB-00704,BM/BVQ7/00704,Nhiệt kế điện tử y tế,N/A,GEN-6520520301121079884,Khoa Khám Bệnh Đa Khoa,KKB,Dụng cụ đo lường y tế,Mức A,,,,IN_SERVICE,,,,,,
705,BVQ7-TTB-00705,BM/BVQ7/00705,Nhiệt kế điện tử y tế,N/A,GEN-3969856342484397543,Khoa Khám Bệnh Đa Khoa,KKB,Dụng cụ đo lường y tế,Mức A,,,,IN_SERVICE,,,,,,
706,BVQ7-TTB-00706,BM/BVQ7/00706,Nhiệt kế điện tử y tế,N/A,GEN-7596468117909628509,Khoa Khám Bệnh Đa Khoa,KKB,Dụng cụ đo lường y tế,Mức A,,,,IN_SERVICE,,,,,,
707,BVQ7-TTB-00707,BM/BVQ7/00707,Nhiệt kế điện tử y tế,N/A,GEN-3030677183793677277,Khoa Khám Bệnh Đa Khoa,KKB,Dụng cụ đo lường y tế,Mức A,,,,IN_SERVICE,,,,,,
708,BVQ7-TTB-00708,BM/BVQ7/00708,Nhiệt kế điện tử y tế,N/A,GEN-6274963183590128033,Khoa Khám Bệnh Đa Khoa,KKB,Dụng cụ đo lường y tế,Mức A,,,,IN_SERVICE,,,,,,
709,BVQ7-TTB-00709,BM/BVQ7/00709,Nhiệt kế điện tử y tế,N/A,GEN-7226391521569243293,Khoa Khám Bệnh Đa Khoa,KKB,Dụng cụ đo lường y tế,Mức A,,,,IN_SERVICE,,,,,,
710,BVQ7-TTB-00710,BM/BVQ7/00710,Nhiệt kế điện tử y tế,N/A,GEN-1471192860216474524,Khoa Khám Bệnh Đa Khoa,KKB,Dụng cụ đo lường y tế,Mức A,,,,IN_SERVICE,,,,,,
711,BVQ7-TTB-00711,BM/BVQ7/00711,Nhiệt kế điện tử y tế,N/A,GEN-6353579139257321628,Khoa Khám Bệnh Đa Khoa,KKB,Dụng cụ đo lường y tế,Mức A,,,,IN_SERVICE,,,,,,
712,BVQ7-TTB-00712,BM/BVQ7/00712,Nhiệt kế điện tử y tế,N/A,GEN-3644489961596190094,Khoa Khám Bệnh Đa Khoa,KKB,Dụng cụ đo lường y tế,Mức A,,,,IN_SERVICE,,,,,,
713,BVQ7-TTB-00713,BM/BVQ7/00713,Nhiệt kế điện tử y tế,N/A,GEN-7540162825387637966,Khoa Khám Bệnh Đa Khoa,KKB,Dụng cụ đo lường y tế,Mức A,,,,IN_SERVICE,,,,,,
714,BVQ7-TTB-00714,BM/BVQ7/00714,Nhiệt kế điện tử y tế,N/A,GEN-8707287006302972518,Khoa Khám Bệnh Đa Khoa,KKB,Dụng cụ đo lường y tế,Mức A,,,,IN_SERVICE,,,,,,
715,BVQ7-TTB-00715,BM/BVQ7/00715,Nhiệt kế điện tử y tế,N/A,GEN-3581220639735981820,Khoa Khám Bệnh Đa Khoa,KKB,Dụng cụ đo lường y tế,Mức A,,,,IN_SERVICE,,,,,,
716,BVQ7-TTB-00716,BM/BVQ7/00716,Nhiệt kế điện tử y tế,N/A,GEN-1446038193500407201,Khoa Khám Bệnh Đa Khoa,KKB,Dụng cụ đo lường y tế,Mức A,,,,IN_SERVICE,,,,,,
717,BVQ7-TTB-00717,BM/BVQ7/00717,Nhiệt kế điện tử y tế,N/A,GEN-9151877749348360689,Khoa Khám Bệnh Đa Khoa,KKB,Dụng cụ đo lường y tế,Mức A,,,,IN_SERVICE,,,,,,
718,BVQ7-TTB-00718,BM/BVQ7/00718,Nhiệt kế điện tử y tế,N/A,GEN-1504184207710808174,Khoa Khám Bệnh Đa Khoa,KKB,Dụng cụ đo lường y tế,Mức A,,,,IN_SERVICE,,,,,,
719,BVQ7-TTB-00719,BM/BVQ7/00719,Nhiệt kế điện tử y tế,N/A,GEN-3737158709951620803,Khoa Khám Bệnh Đa Khoa,KKB,Dụng cụ đo lường y tế,Mức A,,,,IN_SERVICE,,,,,,
720,BVQ7-TTB-00720,BM/BVQ7/00720,Nhiệt kế điện tử y tế,N/A,GEN-8024648896269050261,Khoa Khám Bệnh Đa Khoa,KKB,Dụng cụ đo lường y tế,Mức A,,,,IN_SERVICE,,,,,,
721,BVQ7-TTB-00721,BM/BVQ7/00721,Nhiệt kế điện tử y tế,N/A,GEN-9212966211419198164,Khoa Khám Bệnh Đa Khoa,KKB,Dụng cụ đo lường y tế,Mức A,,,,IN_SERVICE,,,,,,
722,BVQ7-TTB-00722,BM/BVQ7/00722,Nhiệt kế điện tử y tế,N/A,GEN-585442262338527304,Khoa Khám Bệnh Đa Khoa,KKB,Dụng cụ đo lường y tế,Mức A,,,,IN_SERVICE,,,,,,
723,BVQ7-TTB-00723,BM/BVQ7/00723,Nhiệt kế điện tử y tế,N/A,GEN-6238044992572057947,Khoa Khám Bệnh Đa Khoa,KKB,Dụng cụ đo lường y tế,Mức A,,,,IN_SERVICE,,,,,,
724,BVQ7-TTB-00724,BM/BVQ7/00724,Nhiệt kế điện tử y tế,N/A,GEN-4344238252820004883,Khoa Khám Bệnh Đa Khoa,KKB,Dụng cụ đo lường y tế,Mức A,,,,IN_SERVICE,,,,,,
725,BVQ7-TTB-00725,BM/BVQ7/00725,Nhiệt kế điện tử y tế,N/A,GEN-218457234625800235,Khoa Khám Bệnh Đa Khoa,KKB,Dụng cụ đo lường y tế,Mức A,,,,IN_SERVICE,,,,,,
726,BVQ7-TTB-00726,BM/BVQ7/00726,Nhiệt kế điện tử y tế,N/A,GEN-478993305313742411,Khoa Khám Bệnh Đa Khoa,KKB,Dụng cụ đo lường y tế,Mức A,,,,IN_SERVICE,,,,,,
727,BVQ7-TTB-00727,BM/BVQ7/00727,Nhiệt kế điện tử y tế,N/A,GEN-1856097184460134233,Khoa Khám Bệnh Đa Khoa,KKB,Dụng cụ đo lường y tế,Mức A,,,,IN_SERVICE,,,,,,
728,BVQ7-TTB-00728,BM/BVQ7/00728,Nhiệt kế điện tử y tế,N/A,GEN-6463308355876865127,Khoa Khám Bệnh Đa Khoa,KKB,Dụng cụ đo lường y tế,Mức A,,,,IN_SERVICE,,,,,,
729,BVQ7-TTB-00729,BM/BVQ7/00729,Nhiệt kế điện tử y tế,N/A,GEN-2243613144484090576,Khoa Khám Bệnh Đa Khoa,KKB,Dụng cụ đo lường y tế,Mức A,,,,IN_SERVICE,,,,,,
730,BVQ7-TTB-00730,BM/BVQ7/00730,Nhiệt kế điện tử y tế,N/A,GEN-5466972335114378865,Khoa Khám Bệnh Đa Khoa,KKB,Dụng cụ đo lường y tế,Mức A,,,,IN_SERVICE,,,,,,
731,BVQ7-TTB-00731,BM/BVQ7/00731,Nhiệt kế điện tử y tế,N/A,GEN-7873051010712012336,Khoa Khám Bệnh Đa Khoa,KKB,Dụng cụ đo lường y tế,Mức A,,,,IN_SERVICE,,,,,,
732,BVQ7-TTB-00732,BM/BVQ7/00732,Nhiệt kế điện tử y tế,N/A,GEN-5939162603765908431,Khoa Khám Bệnh Đa Khoa,KKB,Dụng cụ đo lường y tế,Mức A,,,,IN_SERVICE,,,,,,
733,BVQ7-TTB-00733,BM/BVQ7/00733,Nhiệt kế điện tử y tế,N/A,GEN-7908956416950907576,Khoa Khám Bệnh Đa Khoa,KKB,Dụng cụ đo lường y tế,Mức A,,,,IN_SERVICE,,,,,,
734,BVQ7-TTB-00734,BM/BVQ7/00734,Nhiệt kế điện tử y tế,N/A,GEN-5196431206000190347,Khoa Khám Bệnh Đa Khoa,KKB,Dụng cụ đo lường y tế,Mức A,,,,IN_SERVICE,,,,,,
735,BVQ7-TTB-00735,BM/BVQ7/00735,Nhiệt kế điện tử y tế,N/A,GEN-304051771878153256,Khoa Khám Bệnh Đa Khoa,KKB,Dụng cụ đo lường y tế,Mức A,,,,IN_SERVICE,,,,,,
736,BVQ7-TTB-00736,BM/BVQ7/00736,Nhiệt kế điện tử y tế,N/A,GEN-2905326911600575848,Khoa Khám Bệnh Đa Khoa,KKB,Dụng cụ đo lường y tế,Mức A,,,,IN_SERVICE,,,,,,
737,BVQ7-TTB-00737,BM/BVQ7/00737,Nhiệt kế điện tử y tế,N/A,GEN-2085550002530809255,Khoa Khám Bệnh Đa Khoa,KKB,Dụng cụ đo lường y tế,Mức A,,,,IN_SERVICE,,,,,,
738,BVQ7-TTB-00738,BM/BVQ7/00738,Nhiệt kế điện tử y tế,N/A,GEN-6466208121683572418,Khoa Khám Bệnh Đa Khoa,KKB,Dụng cụ đo lường y tế,Mức A,,,,IN_SERVICE,,,,,,
739,BVQ7-TTB-00739,BM/BVQ7/00739,Nhiệt kế điện tử y tế,N/A,GEN-7935262179488202747,Khoa Khám Bệnh Đa Khoa,KKB,Dụng cụ đo lường y tế,Mức A,,,,IN_SERVICE,,,,,,
740,BVQ7-TTB-00740,BM/BVQ7/00740,Nhiệt kế điện tử y tế,N/A,GEN-3476935772223820380,Khoa Khám Bệnh Đa Khoa,KKB,Dụng cụ đo lường y tế,Mức A,,,,IN_SERVICE,,,,,,
741,BVQ7-TTB-00741,BM/BVQ7/00741,Nhiệt kế điện tử y tế,N/A,GEN-6152291642117811020,Khoa Khám Bệnh Đa Khoa,KKB,Dụng cụ đo lường y tế,Mức A,,,,IN_SERVICE,,,,,,
742,BVQ7-TTB-00742,BM/BVQ7/00742,Nhiệt kế điện tử y tế,N/A,GEN-8809247045172137151,Khoa Khám Bệnh Đa Khoa,KKB,Dụng cụ đo lường y tế,Mức A,,,,IN_SERVICE,,,,,,
743,BVQ7-TTB-00743,BM/BVQ7/00743,Nhiệt kế điện tử y tế,N/A,GEN-124923559873393932,Khoa Khám Bệnh Đa Khoa,KKB,Dụng cụ đo lường y tế,Mức A,,,,IN_SERVICE,,,,,,
744,BVQ7-TTB-00744,BM/BVQ7/00744,Nhiệt kế điện tử y tế,N/A,GEN-460884240627915038,Khoa Khám Bệnh Đa Khoa,KKB,Dụng cụ đo lường y tế,Mức A,,,,IN_SERVICE,,,,,,
745,BVQ7-TTB-00745,BM/BVQ7/00745,Nhiệt kế điện tử y tế,N/A,GEN-4322143360039682218,Khoa Khám Bệnh Đa Khoa,KKB,Dụng cụ đo lường y tế,Mức A,,,,IN_SERVICE,,,,,,
746,BVQ7-TTB-00746,BM/BVQ7/00746,Nhiệt kế điện tử y tế,N/A,GEN-3199167040794982670,Khoa Khám Bệnh Đa Khoa,KKB,Dụng cụ đo lường y tế,Mức A,,,,IN_SERVICE,,,,,,
747,BVQ7-TTB-00747,BM/BVQ7/00747,Nhiệt kế điện tử y tế,N/A,GEN-3712324340523988762,Khoa Khám Bệnh Đa Khoa,KKB,Dụng cụ đo lường y tế,Mức A,,,,IN_SERVICE,,,,,,
748,BVQ7-TTB-00748,BM/BVQ7/00748,Nhiệt kế điện tử y tế,N/A,GEN-7182454149431099509,Khoa Khám Bệnh Đa Khoa,KKB,Dụng cụ đo lường y tế,Mức A,,,,IN_SERVICE,,,,,,
749,BVQ7-TTB-00749,BM/BVQ7/00749,Nhiệt kế điện tử y tế,N/A,GEN-4658365452999609654,Khoa Khám Bệnh Đa Khoa,KKB,Dụng cụ đo lường y tế,Mức A,,,,IN_SERVICE,,,,,,
750,BVQ7-TTB-00750,BM/BVQ7/00750,Nhiệt kế điện tử y tế,N/A,GEN-5695997175014563469,Khoa Khám Bệnh Đa Khoa,KKB,Dụng cụ đo lường y tế,Mức A,,,,IN_SERVICE,,,,,,
751,BVQ7-TTB-00751,BM/BVQ7/00751,Nhiệt kế điện tử y tế,N/A,GEN-8176985744744226393,Khoa Khám Bệnh Đa Khoa,KKB,Dụng cụ đo lường y tế,Mức A,,,,IN_SERVICE,,,,,,
752,BVQ7-TTB-00752,BM/BVQ7/00752,Nhiệt kế điện tử y tế,N/A,GEN-2232968280389329833,Khoa Khám Bệnh Đa Khoa,KKB,Dụng cụ đo lường y tế,Mức A,,,,IN_SERVICE,,,,,,
753,BVQ7-TTB-00753,BM/BVQ7/00753,Nhiệt kế điện tử y tế,N/A,GEN-8625780087522737801,Khoa Khám Bệnh Đa Khoa,KKB,Dụng cụ đo lường y tế,Mức A,,,,IN_SERVICE,,,,,,
754,BVQ7-TTB-00754,BM/BVQ7/00754,Nhiệt kế điện tử y tế,N/A,GEN-599090378977554512,Khoa Khám Bệnh Đa Khoa,KKB,Dụng cụ đo lường y tế,Mức A,,,,IN_SERVICE,,,,,,
755,BVQ7-TTB-00755,BM/BVQ7/00755,Nhiệt kế điện tử y tế,N/A,GEN-4226305760157962804,Khoa Khám Bệnh Đa Khoa,KKB,Dụng cụ đo lường y tế,Mức A,,,,IN_SERVICE,,,,,,
756,BVQ7-TTB-00756,BM/BVQ7/00756,Nhiệt kế điện tử y tế,N/A,GEN-5004764249110383433,Khoa Khám Bệnh Đa Khoa,KKB,Dụng cụ đo lường y tế,Mức A,,,,IN_SERVICE,,,,,,
757,BVQ7-TTB-00757,BM/BVQ7/00757,Nhiệt kế điện tử y tế,N/A,GEN-8438707530527408882,Khoa Khám Bệnh Đa Khoa,KKB,Dụng cụ đo lường y tế,Mức A,,,,IN_SERVICE,,,,,,
758,BVQ7-TTB-00758,BM/BVQ7/00758,Nhiệt kế điện tử y tế,N/A,GEN-6112611455195705493,Khoa Khám Bệnh Đa Khoa,KKB,Dụng cụ đo lường y tế,Mức A,,,,IN_SERVICE,,,,,,
759,BVQ7-TTB-00759,BM/BVQ7/00759,Nhiệt kế điện tử y tế,N/A,GEN-9040719404033583520,Khoa Khám Bệnh Đa Khoa,KKB,Dụng cụ đo lường y tế,Mức A,,,,IN_SERVICE,,,,,,
760,BVQ7-TTB-00760,BM/BVQ7/00760,Nhiệt kế điện tử y tế,N/A,GEN-6720059362190181560,Khoa Khám Bệnh Đa Khoa,KKB,Dụng cụ đo lường y tế,Mức A,,,,IN_SERVICE,,,,,,
761,BVQ7-TTB-00761,BM/BVQ7/00761,Nhiệt kế điện tử y tế,N/A,GEN-5608752340114583107,Khoa Khám Bệnh Đa Khoa,KKB,Dụng cụ đo lường y tế,Mức A,,,,IN_SERVICE,,,,,,
762,BVQ7-TTB-00762,BM/BVQ7/00762,Nhiệt kế điện tử y tế,N/A,GEN-4823668336819692499,Khoa Khám Bệnh Đa Khoa,KKB,Dụng cụ đo lường y tế,Mức A,,,,IN_SERVICE,,,,,,
763,BVQ7-TTB-00763,BM/BVQ7/00763,Nhiệt kế điện tử y tế,N/A,GEN-3631482667155084470,Khoa Khám Bệnh Đa Khoa,KKB,Dụng cụ đo lường y tế,Mức A,,,,IN_SERVICE,,,,,,
764,BVQ7-TTB-00764,BM/BVQ7/00764,Nhiệt kế điện tử y tế,N/A,GEN-8798768726894240066,Khoa Khám Bệnh Đa Khoa,KKB,Dụng cụ đo lường y tế,Mức A,,,,IN_SERVICE,,,,,,
765,BVQ7-TTB-00765,BM/BVQ7/00765,Nhiệt kế điện tử y tế,N/A,GEN-9162822178595207559,Khoa Khám Bệnh Đa Khoa,KKB,Dụng cụ đo lường y tế,Mức A,,,,IN_SERVICE,,,,,,
766,BVQ7-TTB-00766,BM/BVQ7/00766,Nhiệt kế điện tử y tế,N/A,GEN-276587533122293491,Khoa Khám Bệnh Đa Khoa,KKB,Dụng cụ đo lường y tế,Mức A,,,,IN_SERVICE,,,,,,
767,BVQ7-TTB-00767,BM/BVQ7/00767,Nhiệt kế điện tử y tế,N/A,GEN-4840133100103466144,Khoa Khám Bệnh Đa Khoa,KKB,Dụng cụ đo lường y tế,Mức A,,,,IN_SERVICE,,,,,,
768,BVQ7-TTB-00768,BM/BVQ7/00768,Nhiệt kế điện tử y tế,N/A,GEN-7698156962032148399,Khoa Khám Bệnh Đa Khoa,KKB,Dụng cụ đo lường y tế,Mức A,,,,IN_SERVICE,,,,,,
769,BVQ7-TTB-00769,BM/BVQ7/00769,Nhiệt kế điện tử y tế,N/A,GEN-7642550822664424263,Khoa Khám Bệnh Đa Khoa,KKB,Dụng cụ đo lường y tế,Mức A,,,,IN_SERVICE,,,,,,
770,BVQ7-TTB-00770,BM/BVQ7/00770,Nhiệt kế điện tử y tế,N/A,GEN-1960647681015685534,Khoa Khám Bệnh Đa Khoa,KKB,Dụng cụ đo lường y tế,Mức A,,,,IN_SERVICE,,,,,,
771,BVQ7-TTB-00771,BM/BVQ7/00771,Nhiệt kế điện tử y tế,N/A,GEN-7715350368844487451,Khoa Khám Bệnh Đa Khoa,KKB,Dụng cụ đo lường y tế,Mức A,,,,IN_SERVICE,,,,,,
772,BVQ7-TTB-00772,BM/BVQ7/00772,Huyết áp điện tử,N/A,GEN-4733262901238575661,Khoa Khám Bệnh Đa Khoa,KKB,Dụng cụ đo lường y tế,Mức A,,,,IN_SERVICE,,,,,,
773,BVQ7-TTB-00773,BM/BVQ7/00773,Nhiệt kế điện tử y tế,N/A,GEN-801031484518310321,Khoa Khám Bệnh Đa Khoa,KKB,Dụng cụ đo lường y tế,Mức A,,,,IN_SERVICE,,,,,,
774,BVQ7-TTB-00774,BM/BVQ7/00774,Nhiệt kế điện tử y tế,N/A,GEN-1942124588510499968,Khoa Khám Bệnh Đa Khoa,KKB,Dụng cụ đo lường y tế,Mức A,,,,IN_SERVICE,,,,,,
775,BVQ7-TTB-00775,BM/BVQ7/00775,Nhiệt kế điện tử y tế,N/A,GEN-1058655057608674538,Khoa Khám Bệnh Đa Khoa,KKB,Dụng cụ đo lường y tế,Mức A,,,,IN_SERVICE,,,,,,
776,BVQ7-TTB-00776,BM/BVQ7/00776,Nhiệt kế điện tử y tế,N/A,GEN-4970127906282134101,Khoa Khám Bệnh Đa Khoa,KKB,Dụng cụ đo lường y tế,Mức A,,,,IN_SERVICE,,,,,,
777,BVQ7-TTB-00777,BM/BVQ7/00777,Nhiệt kế điện tử y tế,N/A,GEN-9006754824615345985,Khoa Khám Bệnh Đa Khoa,KKB,Dụng cụ đo lường y tế,Mức A,,,,IN_SERVICE,,,,,,
778,BVQ7-TTB-00778,BM/BVQ7/00778,Nhiệt kế điện tử y tế,N/A,GEN-6561319763208080425,Khoa Khám Bệnh Đa Khoa,KKB,Dụng cụ đo lường y tế,Mức A,,,,IN_SERVICE,,,,,,
779,BVQ7-TTB-00779,BM/BVQ7/00779,Nhiệt kế điện tử y tế,N/A,GEN-1342897404367005770,Khoa Khám Bệnh Đa Khoa,KKB,Dụng cụ đo lường y tế,Mức A,,,,IN_SERVICE,,,,,,
780,BVQ7-TTB-00780,BM/BVQ7/00780,Nhiệt kế điện tử y tế,N/A,GEN-5097959654826531745,Khoa Khám Bệnh Đa Khoa,KKB,Dụng cụ đo lường y tế,Mức A,,,,IN_SERVICE,,,,,,
781,BVQ7-TTB-00781,BM/BVQ7/00781,Nhiệt kế điện tử y tế,N/A,GEN-832076842368696474,Khoa Khám Bệnh Đa Khoa,KKB,Dụng cụ đo lường y tế,Mức A,,,,IN_SERVICE,,,,,,
782,BVQ7-TTB-00782,BM/BVQ7/00782,Nhiệt kế điện tử y tế,N/A,GEN-7309631207283334935,Khoa Khám Bệnh Đa Khoa,KKB,Dụng cụ đo lường y tế,Mức A,,,,IN_SERVICE,,,,,,
783,BVQ7-TTB-00783,BM/BVQ7/00783,Nhiệt kế điện tử y tế,N/A,GEN-8442663086267038367,Khoa Khám Bệnh Đa Khoa,KKB,Dụng cụ đo lường y tế,Mức A,,,,IN_SERVICE,,,,,,
784,BVQ7-TTB-00784,BM/BVQ7/00784,Nhiệt kế điện tử y tế,N/A,GEN-3902503524362959151,Khoa Khám Bệnh Đa Khoa,KKB,Dụng cụ đo lường y tế,Mức A,,,,IN_SERVICE,,,,,,
785,BVQ7-TTB-00785,BM/BVQ7/00785,Nhiệt kế điện tử y tế,N/A,GEN-2404233346205623620,Khoa Khám Bệnh Đa Khoa,KKB,Dụng cụ đo lường y tế,Mức A,,,,IN_SERVICE,,,,,,
786,BVQ7-TTB-00786,BM/BVQ7/00786,Nhiệt kế điện tử y tế,N/A,GEN-7358108600849940793,Khoa Khám Bệnh Đa Khoa,KKB,Dụng cụ đo lường y tế,Mức A,,,,IN_SERVICE,,,,,,
787,BVQ7-TTB-00787,BM/BVQ7/00787,Nhiệt kế điện tử y tế,N/A,GEN-7811172394845012913,Khoa Khám Bệnh Đa Khoa,KKB,Dụng cụ đo lường y tế,Mức A,,,,IN_SERVICE,,,,,,
788,BVQ7-TTB-00788,BM/BVQ7/00788,Nhiệt kế điện tử y tế,N/A,GEN-5675271675322240583,Khoa Khám Bệnh Đa Khoa,KKB,Dụng cụ đo lường y tế,Mức A,,,,IN_SERVICE,,,,,,
789,BVQ7-TTB-00789,BM/BVQ7/00789,Nhiệt kế điện tử y tế,N/A,GEN-1163218133655044704,Khoa Khám Bệnh Đa Khoa,KKB,Dụng cụ đo lường y tế,Mức A,,,,IN_SERVICE,,,,,,
790,BVQ7-TTB-00790,BM/BVQ7/00790,Nhiệt kế điện tử y tế,N/A,GEN-6542419527772841769,Khoa Khám Bệnh Đa Khoa,KKB,Dụng cụ đo lường y tế,Mức A,,,,IN_SERVICE,,,,,,
791,BVQ7-TTB-00791,BM/BVQ7/00791,Nhiệt kế điện tử y tế,N/A,GEN-8580567033019834614,Khoa Khám Bệnh Đa Khoa,KKB,Dụng cụ đo lường y tế,Mức A,,,,IN_SERVICE,,,,,,
792,BVQ7-TTB-00792,BM/BVQ7/00792,Nhiệt kế điện tử y tế,N/A,GEN-1027615590722106584,Khoa Khám Bệnh Đa Khoa,KKB,Dụng cụ đo lường y tế,Mức A,,,,IN_SERVICE,,,,,,
793,BVQ7-TTB-00793,BM/BVQ7/00793,Nhiệt kế điện tử y tế,N/A,GEN-986822285512979187,Khoa Khám Bệnh Đa Khoa,KKB,Dụng cụ đo lường y tế,Mức A,,,,IN_SERVICE,,,,,,
794,BVQ7-TTB-00794,BM/BVQ7/00794,Nhiệt kế điện tử y tế,N/A,GEN-5203044316145368681,Khoa Khám Bệnh Đa Khoa,KKB,Dụng cụ đo lường y tế,Mức A,,,,IN_SERVICE,,,,,,
795,BVQ7-TTB-00795,BM/BVQ7/00795,Nhiệt kế điện tử y tế,N/A,GEN-9021363664057469312,Khoa Khám Bệnh Đa Khoa,KKB,Dụng cụ đo lường y tế,Mức A,,,,IN_SERVICE,,,,,,
796,BVQ7-TTB-00796,BM/BVQ7/00796,Nhiệt kế điện tử y tế,N/A,GEN-6881203750934614082,Khoa Khám Bệnh Đa Khoa,KKB,Dụng cụ đo lường y tế,Mức A,,,,IN_SERVICE,,,,,,
797,BVQ7-TTB-00797,BM/BVQ7/00797,Nhiệt kế điện tử y tế,N/A,GEN-1571939587162883967,Khoa Khám Bệnh Đa Khoa,KKB,Dụng cụ đo lường y tế,Mức A,,,,IN_SERVICE,,,,,,
798,BVQ7-TTB-00798,BM/BVQ7/00798,Nhiệt kế điện tử y tế,N/A,GEN-5957507860458237912,Khoa Khám Bệnh Đa Khoa,KKB,Dụng cụ đo lường y tế,Mức A,,,,IN_SERVICE,,,,,,
799,BVQ7-TTB-00799,BM/BVQ7/00799,Nhiệt kế điện tử y tế,N/A,GEN-3270656044360835717,Khoa Khám Bệnh Đa Khoa,KKB,Dụng cụ đo lường y tế,Mức A,,,,IN_SERVICE,,,,,,
800,BVQ7-TTB-00800,BM/BVQ7/00800,Nhiệt kế điện tử y tế,N/A,GEN-1334743302191303780,Khoa Khám Bệnh Đa Khoa,KKB,Dụng cụ đo lường y tế,Mức A,,,,IN_SERVICE,,,,,,
801,BVQ7-TTB-00801,BM/BVQ7/00801,Nhiệt kế điện tử y tế,N/A,GEN-6854460601726181664,Khoa Khám Bệnh Đa Khoa,KKB,Dụng cụ đo lường y tế,Mức A,,,,IN_SERVICE,,,,,,
802,BVQ7-TTB-00802,BM/BVQ7/00802,Nhiệt kế điện tử y tế,N/A,GEN-7629833365818219897,Khoa Khám Bệnh Đa Khoa,KKB,Dụng cụ đo lường y tế,Mức A,,,,IN_SERVICE,,,,,,
803,BVQ7-TTB-00803,BM/BVQ7/00803,Nhiệt kế điện tử y tế,N/A,GEN-8910034388667733953,Khoa Khám Bệnh Đa Khoa,KKB,Dụng cụ đo lường y tế,Mức A,,,,IN_SERVICE,,,,,,
804,BVQ7-TTB-00804,BM/BVQ7/00804,Nhiệt kế điện tử y tế,N/A,GEN-7037929464562915477,Khoa Khám Bệnh Đa Khoa,KKB,Dụng cụ đo lường y tế,Mức A,,,,IN_SERVICE,,,,,,
805,BVQ7-TTB-00805,BM/BVQ7/00805,Nhiệt kế điện tử y tế,N/A,GEN-8390951431163836847,Khoa Khám Bệnh Đa Khoa,KKB,Dụng cụ đo lường y tế,Mức A,,,,IN_SERVICE,,,,,,
806,BVQ7-TTB-00806,BM/BVQ7/00806,Nhiệt kế điện tử y tế,N/A,GEN-9193010922605402392,Khoa Khám Bệnh Đa Khoa,KKB,Dụng cụ đo lường y tế,Mức A,,,,IN_SERVICE,,,,,,
807,BVQ7-TTB-00807,BM/BVQ7/00807,Nhiệt kế điện tử y tế,N/A,GEN-3316203796615101534,Khoa Khám Bệnh Đa Khoa,KKB,Dụng cụ đo lường y tế,Mức A,,,,IN_SERVICE,,,,,,
808,BVQ7-TTB-00808,BM/BVQ7/00808,Nhiệt kế điện tử y tế,N/A,GEN-8464523571828144315,Khoa Khám Bệnh Đa Khoa,KKB,Dụng cụ đo lường y tế,Mức A,,,,IN_SERVICE,,,,,,
809,BVQ7-TTB-00809,BM/BVQ7/00809,Nhiệt kế điện tử y tế,N/A,GEN-5448494490471075401,Khoa Khám Bệnh Đa Khoa,KKB,Dụng cụ đo lường y tế,Mức A,,,,IN_SERVICE,,,,,,
810,BVQ7-TTB-00810,BM/BVQ7/00810,Nhiệt kế điện tử y tế,N/A,GEN-4748165137970120032,Khoa Khám Bệnh Đa Khoa,KKB,Dụng cụ đo lường y tế,Mức A,,,,IN_SERVICE,,,,,,
811,BVQ7-TTB-00811,BM/BVQ7/00811,Nhiệt kế điện tử y tế,N/A,GEN-3019943475687841413,Khoa Khám Bệnh Đa Khoa,KKB,Dụng cụ đo lường y tế,Mức A,,,,IN_SERVICE,,,,,,
812,BVQ7-TTB-00812,BM/BVQ7/00812,Nhiệt kế điện tử y tế,N/A,GEN-3545159179769913428,Khoa Khám Bệnh Đa Khoa,KKB,Dụng cụ đo lường y tế,Mức A,,,,IN_SERVICE,,,,,,
813,BVQ7-TTB-00813,BM/BVQ7/00813,Nhiệt kế điện tử y tế,N/A,GEN-4444533437345180019,Khoa Khám Bệnh Đa Khoa,KKB,Dụng cụ đo lường y tế,Mức A,,,,IN_SERVICE,,,,,,
814,BVQ7-TTB-00814,BM/BVQ7/00814,Nhiệt kế điện tử y tế,N/A,GEN-8585803980290203061,Khoa Khám Bệnh Đa Khoa,KKB,Dụng cụ đo lường y tế,Mức A,,,,IN_SERVICE,,,,,,
815,BVQ7-TTB-00815,BM/BVQ7/00815,Nhiệt kế điện tử y tế,N/A,GEN-1122875335502839273,Khoa Khám Bệnh Đa Khoa,KKB,Dụng cụ đo lường y tế,Mức A,,,,IN_SERVICE,,,,,,
816,BVQ7-TTB-00816,BM/BVQ7/00816,Nhiệt kế điện tử y tế,N/A,GEN-6255185672680248877,Khoa Khám Bệnh Đa Khoa,KKB,Dụng cụ đo lường y tế,Mức A,,,,IN_SERVICE,,,,,,
817,BVQ7-TTB-00817,BM/BVQ7/00817,Nhiệt kế điện tử y tế,N/A,GEN-7074246732359858898,Khoa Khám Bệnh Đa Khoa,KKB,Dụng cụ đo lường y tế,Mức A,,,,IN_SERVICE,,,,,,
818,BVQ7-TTB-00818,BM/BVQ7/00818,Nhiệt kế điện tử y tế,N/A,GEN-3899106587002549173,Khoa Khám Bệnh Đa Khoa,KKB,Dụng cụ đo lường y tế,Mức A,,,,IN_SERVICE,,,,,,
819,BVQ7-TTB-00819,BM/BVQ7/00819,Nhiệt kế điện tử y tế,N/A,GEN-1893227415032017675,Khoa Khám Bệnh Đa Khoa,KKB,Dụng cụ đo lường y tế,Mức A,,,,IN_SERVICE,,,,,,
820,BVQ7-TTB-00820,BM/BVQ7/00820,Nhiệt kế điện tử y tế,N/A,GEN-3585092104357201780,Khoa Khám Bệnh Đa Khoa,KKB,Dụng cụ đo lường y tế,Mức A,,,,IN_SERVICE,,,,,,
821,BVQ7-TTB-00821,BM/BVQ7/00821,Nhiệt kế điện tử y tế,N/A,GEN-8034510154134810130,Khoa Khám Bệnh Đa Khoa,KKB,Dụng cụ đo lường y tế,Mức A,,,,IN_SERVICE,,,,,,
822,BVQ7-TTB-00822,BM/BVQ7/00822,Nhiệt kế điện tử y tế,N/A,GEN-5020863407305398944,Khoa Khám Bệnh Đa Khoa,KKB,Dụng cụ đo lường y tế,Mức A,,,,IN_SERVICE,,,,,,
823,BVQ7-TTB-00823,BM/BVQ7/00823,Nhiệt kế điện tử y tế,N/A,GEN-9046088553728749456,Khoa Khám Bệnh Đa Khoa,KKB,Dụng cụ đo lường y tế,Mức A,,,,IN_SERVICE,,,,,,
824,BVQ7-TTB-00824,BM/BVQ7/00824,Nhiệt kế điện tử y tế,N/A,GEN-7361392175455820334,Khoa Khám Bệnh Đa Khoa,KKB,Dụng cụ đo lường y tế,Mức A,,,,IN_SERVICE,,,,,,
825,BVQ7-TTB-00825,BM/BVQ7/00825,Nhiệt kế điện tử y tế,N/A,GEN-6972076622577431988,Khoa Khám Bệnh Đa Khoa,KKB,Dụng cụ đo lường y tế,Mức A,,,,IN_SERVICE,,,,,,
826,BVQ7-TTB-00826,BM/BVQ7/00826,Nhiệt kế điện tử y tế,N/A,GEN-1204721725997379386,Khoa Khám Bệnh Đa Khoa,KKB,Dụng cụ đo lường y tế,Mức A,,,,IN_SERVICE,,,,,,
827,BVQ7-TTB-00827,BM/BVQ7/00827,Nhiệt kế điện tử y tế,N/A,GEN-1932807936641403814,Khoa Khám Bệnh Đa Khoa,KKB,Dụng cụ đo lường y tế,Mức A,,,,IN_SERVICE,,,,,,
828,BVQ7-TTB-00828,BM/BVQ7/00828,Nhiệt kế điện tử y tế,N/A,GEN-8208603092244690518,Khoa Khám Bệnh Đa Khoa,KKB,Dụng cụ đo lường y tế,Mức A,,,,IN_SERVICE,,,,,,
829,BVQ7-TTB-00829,BM/BVQ7/00829,Nhiệt kế điện tử y tế,N/A,GEN-162033410388312328,Khoa Khám Bệnh Đa Khoa,KKB,Dụng cụ đo lường y tế,Mức A,,,,IN_SERVICE,,,,,,
830,BVQ7-TTB-00830,BM/BVQ7/00830,Nhiệt kế điện tử y tế,N/A,GEN-8105238608778836058,Khoa Khám Bệnh Đa Khoa,KKB,Dụng cụ đo lường y tế,Mức A,,,,IN_SERVICE,,,,,,
831,BVQ7-TTB-00831,BM/BVQ7/00831,Nhiệt kế điện tử y tế,N/A,GEN-118124940845169943,Khoa Khám Bệnh Đa Khoa,KKB,Dụng cụ đo lường y tế,Mức A,,,,IN_SERVICE,,,,,,
832,BVQ7-TTB-00832,BM/BVQ7/00832,Nhiệt kế điện tử y tế,N/A,GEN-3374975733124183596,Khoa Khám Bệnh Đa Khoa,KKB,Dụng cụ đo lường y tế,Mức A,,,,IN_SERVICE,,,,,,
833,BVQ7-TTB-00833,BM/BVQ7/00833,Nhiệt kế điện tử y tế,N/A,GEN-2666396228313246726,Khoa Khám Bệnh Đa Khoa,KKB,Dụng cụ đo lường y tế,Mức A,,,,IN_SERVICE,,,,,,
834,BVQ7-TTB-00834,BM/BVQ7/00834,Nhiệt kế điện tử y tế,N/A,GEN-3543957129930642600,Khoa Khám Bệnh Đa Khoa,KKB,Dụng cụ đo lường y tế,Mức A,,,,IN_SERVICE,,,,,,
835,BVQ7-TTB-00835,BM/BVQ7/00835,Nhiệt kế điện tử y tế,N/A,GEN-2567052882222766638,Khoa Khám Bệnh Đa Khoa,KKB,Dụng cụ đo lường y tế,Mức A,,,,IN_SERVICE,,,,,,
836,BVQ7-TTB-00836,BM/BVQ7/00836,Nhiệt kế điện tử y tế,N/A,GEN-458357132353080236,Khoa Khám Bệnh Đa Khoa,KKB,Dụng cụ đo lường y tế,Mức A,,,,IN_SERVICE,,,,,,
837,BVQ7-TTB-00837,BM/BVQ7/00837,Nhiệt kế điện tử y tế,N/A,GEN-12001110927827091,Khoa Khám Bệnh Đa Khoa,KKB,Dụng cụ đo lường y tế,Mức A,,,,IN_SERVICE,,,,,,
838,BVQ7-TTB-00838,BM/BVQ7/00838,Nhiệt kế điện tử y tế,N/A,GEN-821782606557907763,Khoa Khám Bệnh Đa Khoa,KKB,Dụng cụ đo lường y tế,Mức A,,,,IN_SERVICE,,,,,,
839,BVQ7-TTB-00839,BM/BVQ7/00839,Nhiệt kế điện tử y tế,N/A,GEN-13855411028214940,Khoa Khám Bệnh Đa Khoa,KKB,Dụng cụ đo lường y tế,Mức A,,,,IN_SERVICE,,,,,,
840,BVQ7-TTB-00840,BM/BVQ7/00840,Nhiệt kế điện tử y tế,N/A,GEN-6446395384688256710,Khoa Khám Bệnh Đa Khoa,KKB,Dụng cụ đo lường y tế,Mức A,,,,IN_SERVICE,,,,,,
841,BVQ7-TTB-00841,BM/BVQ7/00841,Nhiệt kế điện tử y tế,N/A,GEN-8203902773161222260,Khoa Khám Bệnh Đa Khoa,KKB,Dụng cụ đo lường y tế,Mức A,,,,IN_SERVICE,,,,,,
842,BVQ7-TTB-00842,BM/BVQ7/00842,Nhiệt kế điện tử y tế,N/A,GEN-1817835856786881982,Khoa Khám Bệnh Đa Khoa,KKB,Dụng cụ đo lường y tế,Mức A,,,,IN_SERVICE,,,,,,
843,BVQ7-TTB-00843,BM/BVQ7/00843,Nhiệt kế điện tử y tế,N/A,GEN-4363986763952671450,Khoa Khám Bệnh Đa Khoa,KKB,Dụng cụ đo lường y tế,Mức A,,,,IN_SERVICE,,,,,,
844,BVQ7-TTB-00844,BM/BVQ7/00844,Nhiệt kế điện tử y tế,N/A,GEN-206682590763375286,Khoa Khám Bệnh Đa Khoa,KKB,Dụng cụ đo lường y tế,Mức A,,,,IN_SERVICE,,,,,,
845,BVQ7-TTB-00845,BM/BVQ7/00845,Nhiệt kế điện tử y tế,N/A,GEN-2996914960578831354,Khoa Khám Bệnh Đa Khoa,KKB,Dụng cụ đo lường y tế,Mức A,,,,IN_SERVICE,,,,,,
846,BVQ7-TTB-00846,BM/BVQ7/00846,Nhiệt kế điện tử y tế,N/A,GEN-7540516139998274711,Khoa Khám Bệnh Đa Khoa,KKB,Dụng cụ đo lường y tế,Mức A,,,,IN_SERVICE,,,,,,
847,BVQ7-TTB-00847,BM/BVQ7/00847,Nhiệt kế điện tử y tế,N/A,GEN-4350048585226499883,Khoa Khám Bệnh Đa Khoa,KKB,Dụng cụ đo lường y tế,Mức A,,,,IN_SERVICE,,,,,,
848,BVQ7-TTB-00848,BM/BVQ7/00848,Nhiệt kế điện tử y tế,N/A,GEN-1623270423481829059,Khoa Khám Bệnh Đa Khoa,KKB,Dụng cụ đo lường y tế,Mức A,,,,IN_SERVICE,,,,,,
849,BVQ7-TTB-00849,BM/BVQ7/00849,Nhiệt kế điện tử y tế,N/A,GEN-5135391612530548759,Khoa Khám Bệnh Đa Khoa,KKB,Dụng cụ đo lường y tế,Mức A,,,,IN_SERVICE,,,,,,
850,BVQ7-TTB-00850,BM/BVQ7/00850,Nhiệt kế điện tử y tế,N/A,GEN-2079053906045865934,Khoa Khám Bệnh Đa Khoa,KKB,Dụng cụ đo lường y tế,Mức A,,,,IN_SERVICE,,,,,,
851,BVQ7-TTB-00851,BM/BVQ7/00851,Nhiệt kế điện tử y tế,N/A,GEN-6181336277790701634,Khoa Khám Bệnh Đa Khoa,KKB,Dụng cụ đo lường y tế,Mức A,,,,IN_SERVICE,,,,,,
852,BVQ7-TTB-00852,BM/BVQ7/00852,Nhiệt kế điện tử y tế,N/A,GEN-8529245485261186726,Khoa Khám Bệnh Đa Khoa,KKB,Dụng cụ đo lường y tế,Mức A,,,,IN_SERVICE,,,,,,
853,BVQ7-TTB-00853,BM/BVQ7/00853,Nhiệt kế điện tử y tế,N/A,GEN-7622837071794452636,Khoa Khám Bệnh Đa Khoa,KKB,Dụng cụ đo lường y tế,Mức A,,,,IN_SERVICE,,,,,,
854,BVQ7-TTB-00854,BM/BVQ7/00854,Nhiệt kế điện tử y tế,N/A,GEN-6684997363452771680,Khoa Khám Bệnh Đa Khoa,KKB,Dụng cụ đo lường y tế,Mức A,,,,IN_SERVICE,,,,,,
855,BVQ7-TTB-00855,BM/BVQ7/00855,Nhiệt kế điện tử y tế,N/A,GEN-7393134468616561513,Khoa Khám Bệnh Đa Khoa,KKB,Dụng cụ đo lường y tế,Mức A,,,,IN_SERVICE,,,,,,
856,BVQ7-TTB-00856,BM/BVQ7/00856,Nhiệt kế điện tử y tế,N/A,GEN-8017931217331956540,Khoa Khám Bệnh Đa Khoa,KKB,Dụng cụ đo lường y tế,Mức A,,,,IN_SERVICE,,,,,,
857,BVQ7-TTB-00857,BM/BVQ7/00857,Nhiệt kế điện tử y tế,N/A,GEN-6205288539215938260,Khoa Khám Bệnh Đa Khoa,KKB,Dụng cụ đo lường y tế,Mức A,,,,IN_SERVICE,,,,,,
858,BVQ7-TTB-00858,BM/BVQ7/00858,Nhiệt kế điện tử y tế,N/A,GEN-6946577685052310273,Khoa Khám Bệnh Đa Khoa,KKB,Dụng cụ đo lường y tế,Mức A,,,,IN_SERVICE,,,,,,
859,BVQ7-TTB-00859,BM/BVQ7/00859,Nhiệt kế điện tử y tế,N/A,GEN-3035164802757121168,Khoa Khám Bệnh Đa Khoa,KKB,Dụng cụ đo lường y tế,Mức A,,,,IN_SERVICE,,,,,,
860,BVQ7-TTB-00860,BM/BVQ7/00860,Nhiệt kế điện tử y tế,N/A,GEN-7302845580202810143,Khoa Khám Bệnh Đa Khoa,KKB,Dụng cụ đo lường y tế,Mức A,,,,IN_SERVICE,,,,,,
861,BVQ7-TTB-00861,BM/BVQ7/00861,Nhiệt kế điện tử y tế,N/A,GEN-7532854013192357761,Khoa Khám Bệnh Đa Khoa,KKB,Dụng cụ đo lường y tế,Mức A,,,,IN_SERVICE,,,,,,
862,BVQ7-TTB-00862,BM/BVQ7/00862,Nhiệt kế điện tử y tế,N/A,GEN-9096154533723567244,Khoa Khám Bệnh Đa Khoa,KKB,Dụng cụ đo lường y tế,Mức A,,,,IN_SERVICE,,,,,,
863,BVQ7-TTB-00863,BM/BVQ7/00863,Nhiệt kế điện tử y tế,N/A,GEN-8289448912531891111,Khoa Khám Bệnh Đa Khoa,KKB,Dụng cụ đo lường y tế,Mức A,,,,IN_SERVICE,,,,,,
864,BVQ7-TTB-00864,BM/BVQ7/00864,Nhiệt kế điện tử y tế,N/A,GEN-155447978340617372,Khoa Khám Bệnh Đa Khoa,KKB,Dụng cụ đo lường y tế,Mức A,,,,IN_SERVICE,,,,,,
865,BVQ7-TTB-00865,BM/BVQ7/00865,Nhiệt kế điện tử y tế,N/A,GEN-6940689146337679200,Khoa Khám Bệnh Đa Khoa,KKB,Dụng cụ đo lường y tế,Mức A,,,,IN_SERVICE,,,,,,
866,BVQ7-TTB-00866,BM/BVQ7/00866,Nhiệt kế điện tử y tế,N/A,GEN-7965727382602662376,Khoa Khám Bệnh Đa Khoa,KKB,Dụng cụ đo lường y tế,Mức A,,,,IN_SERVICE,,,,,,
867,BVQ7-TTB-00867,BM/BVQ7/00867,Nhiệt kế điện tử y tế,N/A,GEN-2230918598796156824,Khoa Khám Bệnh Đa Khoa,KKB,Dụng cụ đo lường y tế,Mức A,,,,IN_SERVICE,,,,,,
868,BVQ7-TTB-00868,BM/BVQ7/00868,Nhiệt kế điện tử y tế,N/A,GEN-5324441473574478051,Khoa Khám Bệnh Đa Khoa,KKB,Dụng cụ đo lường y tế,Mức A,,,,IN_SERVICE,,,,,,
869,BVQ7-TTB-00869,BM/BVQ7/00869,Nhiệt kế điện tử y tế,N/A,GEN-8607240671186641212,Khoa Khám Bệnh Đa Khoa,KKB,Dụng cụ đo lường y tế,Mức A,,,,IN_SERVICE,,,,,,
870,BVQ7-TTB-00870,BM/BVQ7/00870,Huyết áp kế lò xo / Áp kế y tế,N/A,GEN-8733390329159100336,Khoa Khám Bệnh Đa Khoa,KKB,Dụng cụ đo lường y tế,Mức A,,,,IN_SERVICE,,,,,,
871,BVQ7-TTB-00871,BM/BVQ7/00871,Nhiệt kế y tế,N/A,GEN-6151192224635283608,Khoa Khám Bệnh Đa Khoa,KKB,Dụng cụ đo lường y tế,Mức A,,,,IN_SERVICE,,,,,,
872,BVQ7-TTB-00872,BM/BVQ7/00872,Nhiệt kế y tế,N/A,GEN-313278548639887037,Khoa Khám Bệnh Đa Khoa,KKB,Dụng cụ đo lường y tế,Mức A,,,,IN_SERVICE,,,,,,
873,BVQ7-TTB-00873,BM/BVQ7/00873,Nhiệt kế y tế,N/A,GEN-3121335057498308045,Khoa Khám Bệnh Đa Khoa,KKB,Dụng cụ đo lường y tế,Mức A,,,,IN_SERVICE,,,,,,
874,BVQ7-TTB-00874,BM/BVQ7/00874,Nhiệt kế y tế,N/A,GEN-1561376074725158578,Khoa Khám Bệnh Đa Khoa,KKB,Dụng cụ đo lường y tế,Mức A,,,,IN_SERVICE,,,,,,
875,BVQ7-TTB-00875,BM/BVQ7/00875,Nhiệt kế y tế,N/A,GEN-2587082209355843179,Khoa Khám Bệnh Đa Khoa,KKB,Dụng cụ đo lường y tế,Mức A,,,,IN_SERVICE,,,,,,
876,BVQ7-TTB-00876,BM/BVQ7/00876,Nhiệt kế y tế,N/A,GEN-1790535269343723620,Khoa Khám Bệnh Đa Khoa,KKB,Dụng cụ đo lường y tế,Mức A,,,,IN_SERVICE,,,,,,
877,BVQ7-TTB-00877,BM/BVQ7/00877,Nhiệt kế y tế,N/A,GEN-6077101377239118684,Khoa Khám Bệnh Đa Khoa,KKB,Dụng cụ đo lường y tế,Mức A,,,,IN_SERVICE,,,,,,
878,BVQ7-TTB-00878,BM/BVQ7/00878,Nhiệt kế y tế,N/A,GEN-5755313741446821440,Khoa Khám Bệnh Đa Khoa,KKB,Dụng cụ đo lường y tế,Mức A,,,,IN_SERVICE,,,,,,
879,BVQ7-TTB-00879,BM/BVQ7/00879,Nhiệt kế y tế,N/A,GEN-1597610374662615477,Khoa Khám Bệnh Đa Khoa,KKB,Dụng cụ đo lường y tế,Mức A,,,,IN_SERVICE,,,,,,
880,BVQ7-TTB-00880,BM/BVQ7/00880,Nhiệt kế y tế,N/A,GEN-557398503672086058,Khoa Khám Bệnh Đa Khoa,KKB,Dụng cụ đo lường y tế,Mức A,,,,IN_SERVICE,,,,,,
881,BVQ7-TTB-00881,BM/BVQ7/00881,Nhiệt kế y tế,N/A,GEN-7554708100904056438,Khoa Khám Bệnh Đa Khoa,KKB,Dụng cụ đo lường y tế,Mức A,,,,IN_SERVICE,,,,,,
882,BVQ7-TTB-00882,BM/BVQ7/00882,Nhiệt kế y tế,N/A,GEN-7348188532438524795,Khoa Khám Bệnh Đa Khoa,KKB,Dụng cụ đo lường y tế,Mức A,,,,IN_SERVICE,,,,,,
883,BVQ7-TTB-00883,BM/BVQ7/00883,Nhiệt kế y tế,N/A,GEN-3043210512617979958,Khoa Khám Bệnh Đa Khoa,KKB,Dụng cụ đo lường y tế,Mức A,,,,IN_SERVICE,,,,,,
884,BVQ7-TTB-00884,BM/BVQ7/00884,Nhiệt kế y tế,N/A,GEN-3549096636731018389,Khoa Khám Bệnh Đa Khoa,KKB,Dụng cụ đo lường y tế,Mức A,,,,IN_SERVICE,,,,,,
885,BVQ7-TTB-00885,BM/BVQ7/00885,Nhiệt kế y tế,N/A,GEN-5750083637728601853,Khoa Khám Bệnh Đa Khoa,KKB,Dụng cụ đo lường y tế,Mức A,,,,IN_SERVICE,,,,,,
886,BVQ7-TTB-00886,BM/BVQ7/00886,Nhiệt kế y tế,N/A,GEN-179234857768862053,Khoa Khám Bệnh Đa Khoa,KKB,Dụng cụ đo lường y tế,Mức A,,,,IN_SERVICE,,,,,,
887,BVQ7-TTB-00887,BM/BVQ7/00887,Nhiệt kế y tế,N/A,GEN-5659649988725698531,Khoa Khám Bệnh Đa Khoa,KKB,Dụng cụ đo lường y tế,Mức A,,,,IN_SERVICE,,,,,,
888,BVQ7-TTB-00888,BM/BVQ7/00888,Nhiệt kế y tế,N/A,GEN-3605946985745478707,Khoa Khám Bệnh Đa Khoa,KKB,Dụng cụ đo lường y tế,Mức A,,,,IN_SERVICE,,,,,,
889,BVQ7-TTB-00889,BM/BVQ7/00889,Nhiệt kế y tế,N/A,GEN-603694106873528267,Khoa Khám Bệnh Đa Khoa,KKB,Dụng cụ đo lường y tế,Mức A,,,,IN_SERVICE,,,,,,
890,BVQ7-TTB-00890,BM/BVQ7/00890,Nhiệt kế y tế,N/A,GEN-1584258172020747752,Khoa Khám Bệnh Đa Khoa,KKB,Dụng cụ đo lường y tế,Mức A,,,,IN_SERVICE,,,,,,
891,BVQ7-TTB-00891,BM/BVQ7/00891,Nhiệt kế y tế,N/A,GEN-678816101659497252,Khoa Khám Bệnh Đa Khoa,KKB,Dụng cụ đo lường y tế,Mức A,,,,IN_SERVICE,,,,,,
892,BVQ7-TTB-00892,BM/BVQ7/00892,Nhiệt kế y tế,N/A,GEN-3503867297719532169,Khoa Khám Bệnh Đa Khoa,KKB,Dụng cụ đo lường y tế,Mức A,,,,IN_SERVICE,,,,,,
893,BVQ7-TTB-00893,BM/BVQ7/00893,Nhiệt kế y tế,N/A,GEN-8044019367289264513,Khoa Khám Bệnh Đa Khoa,KKB,Dụng cụ đo lường y tế,Mức A,,,,IN_SERVICE,,,,,,
894,BVQ7-TTB-00894,BM/BVQ7/00894,Nhiệt kế y tế,N/A,GEN-7143172760936288570,Khoa Khám Bệnh Đa Khoa,KKB,Dụng cụ đo lường y tế,Mức A,,,,IN_SERVICE,,,,,,
895,BVQ7-TTB-00895,BM/BVQ7/00895,Nhiệt kế y tế,N/A,GEN-1800317236248278270,Khoa Khám Bệnh Đa Khoa,KKB,Dụng cụ đo lường y tế,Mức A,,,,IN_SERVICE,,,,,,
896,BVQ7-TTB-00896,BM/BVQ7/00896,Nhiệt kế y tế,N/A,GEN-8029226740453765611,Khoa Khám Bệnh Đa Khoa,KKB,Dụng cụ đo lường y tế,Mức A,,,,IN_SERVICE,,,,,,
897,BVQ7-TTB-00897,BM/BVQ7/00897,Nhiệt kế y tế,N/A,GEN-5641178645154673379,Khoa Khám Bệnh Đa Khoa,KKB,Dụng cụ đo lường y tế,Mức A,,,,IN_SERVICE,,,,,,
898,BVQ7-TTB-00898,BM/BVQ7/00898,Nhiệt kế y tế,N/A,GEN-4510519128811002552,Khoa Khám Bệnh Đa Khoa,KKB,Dụng cụ đo lường y tế,Mức A,,,,IN_SERVICE,,,,,,
899,BVQ7-TTB-00899,BM/BVQ7/00899,Nhiệt kế y tế,N/A,GEN-6383454608561750879,Khoa Khám Bệnh Đa Khoa,KKB,Dụng cụ đo lường y tế,Mức A,,,,IN_SERVICE,,,,,,
900,BVQ7-TTB-00900,BM/BVQ7/00900,Nhiệt kế y tế,N/A,GEN-7794020202942425923,Khoa Khám Bệnh Đa Khoa,KKB,Dụng cụ đo lường y tế,Mức A,,,,IN_SERVICE,,,,,,
901,BVQ7-TTB-00901,BM/BVQ7/00901,Máy phá rung tim,N/A,GEN-3015070234357043303,Khoa Cấp Cứu - Hồi Sức Tích Cực,ICU,Cấp cứu & Máy phá rung tim,Mức D,,,,IN_SERVICE,,,,,,
902,BVQ7-TTB-00902,BM/BVQ7/00902,Máy phá rung tim,TEC-5621,GEN-4631442342449649280,Khoa Cấp Cứu - Hồi Sức Tích Cực,ICU,Cấp cứu & Máy phá rung tim,Mức D,,,,IN_SERVICE,,,,,,
903,BVQ7-TTB-00903,BM/BVQ7/00903,Máy thận nhân tạo,N/A,GEN-4691828605505029953,Đơn Vị Thận Nhân Tạo / Lọc Máu,TNT,Thận nhân tạo & Lọc máu,Mức C,,,,IN_SERVICE,,,,,,
904,BVQ7-TTB-00904,BM/BVQ7/00904,Máy phá rung tim,TEC-5631,GEN-2285620263454628757,Khoa Cấp Cứu - Hồi Sức Tích Cực,ICU,Cấp cứu & Máy phá rung tim,Mức D,,,,IN_SERVICE,,,,,,
905,BVQ7-TTB-00905,BM/BVQ7/00905,Máy phá rung tim,N/A,GEN-3812306078588175914,Khoa Cấp Cứu - Hồi Sức Tích Cực,ICU,Cấp cứu & Máy phá rung tim,Mức D,,,,IN_SERVICE,,,,,,
906,BVQ7-TTB-00906,BM/BVQ7/00906,Máy thở chuyên dụng,N/A,GEN-4253968454798217804,Khoa Cấp Cứu - Hồi Sức Tích Cực,ICU,Máy thở & Hô hấp,Mức D,,,,IN_SERVICE,,,,,,
907,BVQ7-TTB-00907,BM/BVQ7/00907,ĐAO MỒ ĐIỆN CAO TẦN-A07COAT0477-07-02,Zeus-150,GEN-6849772206761910481,Khoa Phẫu Thuật - GMHS / Phòng Mổ,GMHS,Thiết bị y tế khác,Mức A,,,,IN_SERVICE,,,,,,
908,BVQ7-TTB-00908,BM/BVQ7/00908,ĐAO MỔ ĐIỆN CAO TẦN-A07COAT0484-07-02,Zeus-150,GEN-9152661592803600722,Khoa Phẫu Thuật - GMHS / Phòng Mổ,GMHS,Thiết bị y tế khác,Mức A,,,,IN_SERVICE,,,,,,
909,BVQ7-TTB-00909,BM/BVQ7/00909,ĐAO MỒ ĐIỆN CAO TẦN-1157011-unknown-date,N/A,GEN-9036206980522445300,Kho Lưu Trữ Thiết Bị / Chờ Cấp Phát,KHO,Thiết bị y tế khác,Mức A,,,,IN_SERVICE,,,,,,
910,BVQ7-TTB-00910,BM/BVQ7/00910,ĐAO MỔ ĐIỆN CAO TẦN-1157011-07-02,N/A,GEN-3255656847079974625,Kho Lưu Trữ Thiết Bị / Chờ Cấp Phát,KHO,Thiết bị y tế khác,Mức A,,,,IN_SERVICE,,,,,,
911,BVQ7-TTB-00911,BM/BVQ7/00911,ĐAO MỠ ĐIỆN CAO TẦN-11557010-unknown-date,N/A,GEN-828879264201009249,Kho Lưu Trữ Thiết Bị / Chờ Cấp Phát,KHO,Thiết bị y tế khác,Mức A,,,,IN_SERVICE,,,,,,
912,BVQ7-TTB-00912,BM/BVQ7/00912,ĐAO MỔ ĐIỆN CAO TẦN-11558120-07-02,N/A,GEN-866743787705085008,Kho Lưu Trữ Thiết Bị / Chờ Cấp Phát,KHO,Thiết bị y tế khác,Mức A,,,,IN_SERVICE,,,,,,
913,BVQ7-TTB-00913,BM/BVQ7/00913,ĐAO MỠ ĐIỆN CAO TẦN-11558120-unknown-date,N/A,GEN-101030349990808215,Kho Lưu Trữ Thiết Bị / Chờ Cấp Phát,KHO,Thiết bị y tế khác,Mức A,,,,IN_SERVICE,,,,,,
914,BVQ7-TTB-00914,BM/BVQ7/00914,ĐAO MỒ ĐIỆN CAO TẦN-11557008-unknown-date,N/A,GEN-8293481726140140677,Kho Lưu Trữ Thiết Bị / Chờ Cấp Phát,KHO,Thiết bị y tế khác,Mức A,,,,IN_SERVICE,,,,,,
915,BVQ7-TTB-00915,BM/BVQ7/00915,ĐAO MỠ ĐIỆN CAO TẦN-11557008-unknown-date,N/A,GEN-3634911536434303673,Kho Lưu Trữ Thiết Bị / Chờ Cấp Phát,KHO,Thiết bị y tế khác,Mức A,,,,IN_SERVICE,,,,,,
916,BVQ7-TTB-00916,BM/BVQ7/00916,Máy thận nhân tạo,N/A,GEN-3225862699400431858,Đơn Vị Thận Nhân Tạo / Lọc Máu,TNT,Thận nhân tạo & Lọc máu,Mức C,,,,IN_SERVICE,,,,,,
917,BVQ7-TTB-00917,BM/BVQ7/00917,Máy thận nhân tạo,4008 S,GEN-3499220868167683250,Đơn Vị Thận Nhân Tạo / Lọc Máu,TNT,Thận nhân tạo & Lọc máu,Mức C,,,,IN_SERVICE,,,,,,
918,BVQ7-TTB-00918,BM/BVQ7/00918,Máy phá rung tim,TEC-5631,GEN-7248844657907298143,Khoa Cấp Cứu - Hồi Sức Tích Cực,ICU,Cấp cứu & Máy phá rung tim,Mức D,,,,IN_SERVICE,,,,,,
919,BVQ7-TTB-00919,BM/BVQ7/00919,Máy thận nhân tạo,5008 S,GEN-1994799422074217109,Đơn Vị Thận Nhân Tạo / Lọc Máu,TNT,Thận nhân tạo & Lọc máu,Mức C,,,,IN_SERVICE,,,,,,
929,BVQ7-TTB-00929,BM/BVQ7/00929,Huyết áp kế lò xo / Áp kế y tế,HEM-8712,GEN-546695847520680414,Khoa Khám Bệnh Đa Khoa,KKB,Thiết bị y tế khác,Mức A,,,,IN_SERVICE,,,,,,
933,BVQ7-TTB-00933,BM/BVQ7/00933,Huyết áp kế lò xo / Áp kế y tế,N/A,GEN-2321899961539732687,Khoa Khám Bệnh Đa Khoa,KKB,Thiết bị y tế khác,Mức A,,,,IN_SERVICE,,,,,,
934,BVQ7-TTB-00934,BM/BVQ7/00934,Huyết áp kế lò xo / Áp kế y tế,N/A,GEN-2024676901471017355,Khoa Khám Bệnh Đa Khoa,KKB,Thiết bị y tế khác,Mức A,,,,IN_SERVICE,,,,,,
935,BVQ7-TTB-00935,BM/BVQ7/00935,Huyết áp kế lò xo / Áp kế y tế,N/A,GEN-6962742305936931603,Khoa Khám Bệnh Đa Khoa,KKB,Thiết bị y tế khác,Mức A,,,,IN_SERVICE,,,,,,
936,BVQ7-TTB-00936,BM/BVQ7/00936,Huyết áp kế lò xo / Áp kế y tế,N/A,GEN-5944357578982978486,Khoa Khám Bệnh Đa Khoa,KKB,Thiết bị y tế khác,Mức A,,,,IN_SERVICE,,,,,,
937,BVQ7-TTB-00937,BM/BVQ7/00937,Huyết áp kế lò xo / Áp kế y tế,N/A,GEN-2511274313514436686,Khoa Khám Bệnh Đa Khoa,KKB,Thiết bị y tế khác,Mức A,,,,IN_SERVICE,,,,,,
938,BVQ7-TTB-00938,BM/BVQ7/00938,Huyết áp kế lò xo / Áp kế y tế,N/A,GEN-7165978031577172823,Khoa Khám Bệnh Đa Khoa,KKB,Thiết bị y tế khác,Mức A,,,,IN_SERVICE,,,,,,
939,BVQ7-TTB-00939,BM/BVQ7/00939,Huyết áp kế lò xo / Áp kế y tế,N/A,GEN-6771371846720248944,Khoa Khám Bệnh Đa Khoa,KKB,Thiết bị y tế khác,Mức A,,,,IN_SERVICE,,,,,,
940,BVQ7-TTB-00940,BM/BVQ7/00940,Huyết áp kế lò xo / Áp kế y tế,N/A,GEN-7706379609142404565,Khoa Khám Bệnh Đa Khoa,KKB,Thiết bị y tế khác,Mức A,,,,IN_SERVICE,,,,,,
942,BVQ7-TTB-00942,BM/BVQ7/00942,Cân sức khỏe y tế,N/A,GEN-756913345644598246,Khoa Khám Bệnh Đa Khoa,KKB,Thiết bị y tế khác,Mức A,,,,IN_SERVICE,,,,,,
943,BVQ7-TTB-00943,BM/BVQ7/00943,Cân sức khỏe y tế,N/A,GEN-8098547707500091312,Khoa Khám Bệnh Đa Khoa,KKB,Thiết bị y tế khác,Mức A,,,,IN_SERVICE,,,,,,
944,BVQ7-TTB-00944,BM/BVQ7/00944,Huyết áp kế lò xo / Áp kế y tế,N/A,GEN-2040751031522744831,Khoa Khám Bệnh Đa Khoa,KKB,Thiết bị y tế khác,Mức A,,,,IN_SERVICE,,,,,,
945,BVQ7-TTB-00945,BM/BVQ7/00945,Huyết áp kế lò xo / Áp kế y tế,N/A,GEN-5719373438963939927,Khoa Khám Bệnh Đa Khoa,KKB,Thiết bị y tế khác,Mức A,,,,IN_SERVICE,,,,,,
946,BVQ7-TTB-00946,BM/BVQ7/00946,Cân sức khỏe y tế,N/A,GEN-3865783831179456131,Khoa Khám Bệnh Đa Khoa,KKB,Thiết bị y tế khác,Mức A,,,,IN_SERVICE,,,,,,
947,BVQ7-TTB-00947,BM/BVQ7/00947,Máy ly tâm phòng xét nghiệm,N/A,GEN-2814125981862648805,Khoa Xét Nghiệm Y Học,XN,Thiết bị y tế khác,Mức B,,,,IN_SERVICE,,,,,,
948,BVQ7-TTB-00948,BM/BVQ7/00948,Cân sức khỏe y tế,N/A,GEN-5741700683667509297,Khoa Khám Bệnh Đa Khoa,KKB,Thiết bị y tế khác,Mức A,,,,IN_SERVICE,,,,,,
949,BVQ7-TTB-00949,BM/BVQ7/00949,Nhiệt kế điện tử y tế,N/A,GEN-7271167812255310451,Khoa Khám Bệnh Đa Khoa,KKB,Thiết bị y tế khác,Mức A,,,,IN_SERVICE,,,,,,
950,BVQ7-TTB-00950,BM/BVQ7/00950,Nhiệt kế điện tử y tế,N/A,GEN-3649381023445681232,Khoa Khám Bệnh Đa Khoa,KKB,Thiết bị y tế khác,Mức A,,,,IN_SERVICE,,,,,,
951,BVQ7-TTB-00951,BM/BVQ7/00951,Nhiệt ẩm kế tự ghi,N/A,GEN-3893550219702137812,Khoa Khám Bệnh Đa Khoa,KKB,Thiết bị y tế khác,Mức A,,,,IN_SERVICE,,,,,,
952,BVQ7-TTB-00952,BM/BVQ7/00952,Nhiệt ẩm kế tự ghi,N/A,GEN-2184205524074741228,Khoa Khám Bệnh Đa Khoa,KKB,Thiết bị y tế khác,Mức A,,,,IN_SERVICE,,,,,,
953,BVQ7-TTB-00953,BM/BVQ7/00953,Nhiệt ẩm kế tự ghi,N/A,GEN-747339706276906225,Khoa Khám Bệnh Đa Khoa,KKB,Thiết bị y tế khác,Mức A,,,,IN_SERVICE,,,,,,
954,BVQ7-TTB-00954,BM/BVQ7/00954,Nhiệt ẩm kế tự ghi,N/A,GEN-1214856798545445546,Khoa Khám Bệnh Đa Khoa,KKB,Thiết bị y tế khác,Mức A,,,,IN_SERVICE,,,,,,
955,BVQ7-TTB-00955,BM/BVQ7/00955,Nhiệt ẩm kế tự ghi,N/A,GEN-2727750271602075309,Khoa Khám Bệnh Đa Khoa,KKB,Thiết bị y tế khác,Mức A,,,,IN_SERVICE,,,,,,
956,BVQ7-TTB-00956,BM/BVQ7/00956,Nhiệt ẩm kế tự ghi,N/A,GEN-7306610236869953676,Khoa Khám Bệnh Đa Khoa,KKB,Thiết bị y tế khác,Mức A,,,,IN_SERVICE,,,,,,
957,BVQ7-TTB-00957,BM/BVQ7/00957,Nhiệt ẩm kế tự ghi,N/A,GEN-909841300869644019,Khoa Khám Bệnh Đa Khoa,KKB,Thiết bị y tế khác,Mức A,,,,IN_SERVICE,,,,,,
958,BVQ7-TTB-00958,BM/BVQ7/00958,Nhiệt ẩm kế tự ghi,N/A,GEN-176044318354411521,Khoa Khám Bệnh Đa Khoa,KKB,Thiết bị y tế khác,Mức A,,,,IN_SERVICE,,,,,,
959,BVQ7-TTB-00959,BM/BVQ7/00959,Nhiệt ẩm kế tự ghi,N/A,GEN-8510746464387715647,Khoa Khám Bệnh Đa Khoa,KKB,Thiết bị y tế khác,Mức A,,,,IN_SERVICE,,,,,,
960,BVQ7-TTB-00960,BM/BVQ7/00960,Nhiệt ẩm kế tự ghi,N/A,GEN-7391717222525966468,Khoa Khám Bệnh Đa Khoa,KKB,Thiết bị y tế khác,Mức A,,,,IN_SERVICE,,,,,,
961,BVQ7-TTB-00961,BM/BVQ7/00961,Nhiệt ẩm kế tự ghi,N/A,GEN-4461401568704339301,Khoa Khám Bệnh Đa Khoa,KKB,Thiết bị y tế khác,Mức A,,,,IN_SERVICE,,,,,,
962,BVQ7-TTB-00962,BM/BVQ7/00962,Nhiệt ẩm kế tự ghi,N/A,GEN-3738745756454222874,Khoa Khám Bệnh Đa Khoa,KKB,Thiết bị y tế khác,Mức A,,,,IN_SERVICE,,,,,,
963,BVQ7-TTB-00963,BM/BVQ7/00963,Nhiệt ẩm kế tự ghi,N/A,GEN-8576507120065687931,Khoa Khám Bệnh Đa Khoa,KKB,Thiết bị y tế khác,Mức A,,,,IN_SERVICE,,,,,,
964,BVQ7-TTB-00964,BM/BVQ7/00964,Nhiệt ẩm kế tự ghi,N/A,GEN-2219137666169992410,Khoa Khám Bệnh Đa Khoa,KKB,Thiết bị y tế khác,Mức A,,,,IN_SERVICE,,,,,,
965,BVQ7-TTB-00965,BM/BVQ7/00965,Nhiệt ẩm kế tự ghi,N/A,GEN-7571762514268380136,Khoa Khám Bệnh Đa Khoa,KKB,Thiết bị y tế khác,Mức A,,,,IN_SERVICE,,,,,,
966,BVQ7-TTB-00966,BM/BVQ7/00966,Nhiệt ẩm kế tự ghi,N/A,GEN-7414524911859096453,Khoa Khám Bệnh Đa Khoa,KKB,Thiết bị y tế khác,Mức A,,,,IN_SERVICE,,,,,,
967,BVQ7-TTB-00967,BM/BVQ7/00967,Nhiệt ẩm kế tự ghi,N/A,GEN-2112887699874446460,Khoa Khám Bệnh Đa Khoa,KKB,Thiết bị y tế khác,Mức A,,,,IN_SERVICE,,,,,,
968,BVQ7-TTB-00968,BM/BVQ7/00968,Nhiệt ẩm kế tự ghi,N/A,GEN-6679151834927114855,Khoa Khám Bệnh Đa Khoa,KKB,Thiết bị y tế khác,Mức A,,,,IN_SERVICE,,,,,,
969,BVQ7-TTB-00969,BM/BVQ7/00969,Nhiệt ẩm kế tự ghi,N/A,GEN-4596789798575281530,Khoa Khám Bệnh Đa Khoa,KKB,Thiết bị y tế khác,Mức A,,,,IN_SERVICE,,,,,,
970,BVQ7-TTB-00970,BM/BVQ7/00970,Nhiệt ẩm kế tự ghi,N/A,GEN-6725691327332708822,Khoa Khám Bệnh Đa Khoa,KKB,Thiết bị y tế khác,Mức A,,,,IN_SERVICE,,,,,,
972,BVQ7-TTB-00972,BM/BVQ7/00972,Nhiệt ẩm kế tự ghi,N/A,GEN-1611708420408714392,Khoa Khám Bệnh Đa Khoa,KKB,Thiết bị y tế khác,Mức A,,,,IN_SERVICE,,,,,,
973,BVQ7-TTB-00973,BM/BVQ7/00973,Nhiệt kế y tế,N/A,GEN-3851047296429866761,Khoa Khám Bệnh Đa Khoa,KKB,Thiết bị y tế khác,Mức A,,,,IN_SERVICE,,,,,,
974,BVQ7-TTB-00974,BM/BVQ7/00974,Nhiệt ẩm kế tự ghi,N/A,GEN-9035354977494056883,Khoa Khám Bệnh Đa Khoa,KKB,Thiết bị y tế khác,Mức A,,,,IN_SERVICE,,,,,,
975,BVQ7-TTB-00975,BM/BVQ7/00975,Nhiệt ẩm kế tự ghi,N/A,GEN-8325865915258048904,Khoa Khám Bệnh Đa Khoa,KKB,Thiết bị y tế khác,Mức A,,,,IN_SERVICE,,,,,,
976,BVQ7-TTB-00976,BM/BVQ7/00976,Nhiệt ẩm kế tự ghi,N/A,GEN-7509362739457783790,Khoa Khám Bệnh Đa Khoa,KKB,Thiết bị y tế khác,Mức A,,,,IN_SERVICE,,,,,,
977,BVQ7-TTB-00977,BM/BVQ7/00977,Nhiệt ẩm kế tự ghi,N/A,GEN-3009208480248356196,Khoa Khám Bệnh Đa Khoa,KKB,Thiết bị y tế khác,Mức A,,,,IN_SERVICE,,,,,,
978,BVQ7-TTB-00978,BM/BVQ7/00978,Nhiệt ẩm kế tự ghi,N/A,GEN-8670325341450958305,Khoa Khám Bệnh Đa Khoa,KKB,Thiết bị y tế khác,Mức A,,,,IN_SERVICE,,,,,,
979,BVQ7-TTB-00979,BM/BVQ7/00979,Nhiệt ẩm kế tự ghi,N/A,GEN-8672235033775053410,Khoa Khám Bệnh Đa Khoa,KKB,Thiết bị y tế khác,Mức A,,,,IN_SERVICE,,,,,,
980,BVQ7-TTB-00980,BM/BVQ7/00980,Nhiệt ẩm kế tự ghi,N/A,GEN-9094789391049554471,Khoa Khám Bệnh Đa Khoa,KKB,Thiết bị y tế khác,Mức A,,,,IN_SERVICE,,,,,,
981,BVQ7-TTB-00981,BM/BVQ7/00981,Nhiệt ẩm kế tự ghi,N/A,GEN-5511938591431933113,Khoa Khám Bệnh Đa Khoa,KKB,Thiết bị y tế khác,Mức A,,,,IN_SERVICE,,,,,,
982,BVQ7-TTB-00982,BM/BVQ7/00982,Nhiệt kế điện tử y tế,N/A,GEN-395130099418529857,Khoa Khám Bệnh Đa Khoa,KKB,Thiết bị y tế khác,Mức A,,,,IN_SERVICE,,,,,,
983,BVQ7-TTB-00983,BM/BVQ7/00983,Nhiệt ẩm kế tự ghi,N/A,GEN-637975049550618353,Khoa Khám Bệnh Đa Khoa,KKB,Thiết bị y tế khác,Mức A,,,,IN_SERVICE,,,,,,
984,BVQ7-TTB-00984,BM/BVQ7/00984,Nhiệt kế điện tử y tế,N/A,GEN-5114812977797987839,Khoa Khám Bệnh Đa Khoa,KKB,Thiết bị y tế khác,Mức A,,,,IN_SERVICE,,,,,,
985,BVQ7-TTB-00985,BM/BVQ7/00985,Nhiệt kế điện tử y tế,N/A,GEN-5385939409697171202,Khoa Khám Bệnh Đa Khoa,KKB,Thiết bị y tế khác,Mức A,,,,IN_SERVICE,,,,,,
986,BVQ7-TTB-00986,BM/BVQ7/00986,Nhiệt kế điện tử y tế,N/A,GEN-3483142237325947808,Khoa Khám Bệnh Đa Khoa,KKB,Thiết bị y tế khác,Mức A,,,,IN_SERVICE,,,,,,
988,BVQ7-TTB-00988,BM/BVQ7/00988,Cân sức khỏe y tế,N/A,GEN-5396142048815900780,Khoa Khám Bệnh Đa Khoa,KKB,Thiết bị y tế khác,Mức A,,,,IN_SERVICE,,,,,,
990,BVQ7-TTB-00990,BM/BVQ7/00990,Huyết áp kế lò xo / Áp kế y tế,N/A,GEN-2004648204092235104,Khoa Khám Bệnh Đa Khoa,KKB,Thiết bị y tế khác,Mức A,,,,IN_SERVICE,,,,,,
992,BVQ7-TTB-00992,BM/BVQ7/00992,Huyết áp kế lò xo / Áp kế y tế,N/A,GEN-8855413461503114426,Khoa Khám Bệnh Đa Khoa,KKB,Thiết bị y tế khác,Mức A,,,,IN_SERVICE,,,,,,
993,BVQ7-TTB-00993,BM/BVQ7/00993,Huyết áp kế lò xo / Áp kế y tế,N/A,GEN-7577600235842546021,Khoa Khám Bệnh Đa Khoa,KKB,Thiết bị y tế khác,Mức A,,,,IN_SERVICE,,,,,,
994,BVQ7-TTB-00994,BM/BVQ7/00994,Huyết áp kế lò xo / Áp kế y tế,N/A,GEN-7840090997393446540,Khoa Khám Bệnh Đa Khoa,KKB,Thiết bị y tế khác,Mức A,,,,IN_SERVICE,,,,,,
996,BVQ7-TTB-00996,BM/BVQ7/00996,Máy thở chuyên dụng,N/A,GEN-2487163540388644453,Khoa Cấp Cứu - Hồi Sức Tích Cực,ICU,Máy thở & Hô hấp,Mức D,,,,IN_SERVICE,,,,,,
997,BVQ7-TTB-00997,BM/BVQ7/00997,Máy thận nhân tạo,5008S,GEN-5624063006450041218,Đơn Vị Thận Nhân Tạo / Lọc Máu,TNT,Thận nhân tạo & Lọc máu,Mức C,,,,IN_SERVICE,,,,,,
998,BVQ7-TTB-00998,BM/BVQ7/00998,Máy phá rung tim,TEC-5621,GEN-3388446138625815885,Khoa Cấp Cứu - Hồi Sức Tích Cực,ICU,Cấp cứu & Máy phá rung tim,Mức D,,,,IN_SERVICE,,,,,,
999,BVQ7-TTB-00999,BM/BVQ7/00999,Máy thận nhân tạo,N/A,GEN-7651329187407360472,Đơn Vị Thận Nhân Tạo / Lọc Máu,TNT,Thận nhân tạo & Lọc máu,Mức C,,,,IN_SERVICE,,,,,,
1000,BVQ7-TTB-01000,BM/BVQ7/01000,Máy phá rung tim,N/A,GEN-8958116983930093425,Khoa Cấp Cứu - Hồi Sức Tích Cực,ICU,Cấp cứu & Máy phá rung tim,Mức D,,,,IN_SERVICE,,,,,,
1001,BVQ7-TTB-01001,BM/BVQ7/01001,Máy thở chuyên dụng,N/A,GEN-4251905691454981224,Khoa Cấp Cứu - Hồi Sức Tích Cực,ICU,Máy thở & Hô hấp,Mức D,,,,IN_SERVICE,,,,,,
1002,BVQ7-TTB-01002,BM/BVQ7/01002,ĐAO MỔ ĐIỆN CAO TẦN-A07COAT0484-07-02,Zeus-150,GEN-5260306357780809763,Khoa Phẫu Thuật - GMHS / Phòng Mổ,GMHS,Thiết bị y tế khác,Mức A,,,,IN_SERVICE,,,,,,
1003,BVQ7-TTB-01003,BM/BVQ7/01003,ĐAO MỒ ĐIỆN CAO TẦN-1157011-unknown-date,N/A,GEN-2580572013566509943,Kho Lưu Trữ Thiết Bị / Chờ Cấp Phát,KHO,Thiết bị y tế khác,Mức A,,,,IN_SERVICE,,,,,,
1004,BVQ7-TTB-01004,BM/BVQ7/01004,ĐAO MỔ ĐIỆN CAO TẦN-1157011-07-02,N/A,GEN-1299317825996167408,Kho Lưu Trữ Thiết Bị / Chờ Cấp Phát,KHO,Thiết bị y tế khác,Mức A,,,,IN_SERVICE,,,,,,
1005,BVQ7-TTB-01005,BM/BVQ7/01005,ĐAO MỠ ĐIỆN CAO TẦN-11557010-unknown-date,N/A,GEN-1348025811083202591,Kho Lưu Trữ Thiết Bị / Chờ Cấp Phát,KHO,Thiết bị y tế khác,Mức A,,,,IN_SERVICE,,,,,,
1006,BVQ7-TTB-01006,BM/BVQ7/01006,ĐAO MỔ ĐIỆN CAO TẦN-11558120-07-02,N/A,GEN-5019773751775994660,Kho Lưu Trữ Thiết Bị / Chờ Cấp Phát,KHO,Thiết bị y tế khác,Mức A,,,,IN_SERVICE,,,,,,
1007,BVQ7-TTB-01007,BM/BVQ7/01007,ĐAO MỠ ĐIỆN CAO TẦN-11558120-unknown-date,N/A,GEN-4464317660150627369,Kho Lưu Trữ Thiết Bị / Chờ Cấp Phát,KHO,Thiết bị y tế khác,Mức A,,,,IN_SERVICE,,,,,,
1008,BVQ7-TTB-01008,BM/BVQ7/01008,ĐAO MỒ ĐIỆN CAO TẦN-11557008-unknown-date,N/A,GEN-138810885749180705,Kho Lưu Trữ Thiết Bị / Chờ Cấp Phát,KHO,Thiết bị y tế khác,Mức A,,,,IN_SERVICE,,,,,,
1009,BVQ7-TTB-01009,BM/BVQ7/01009,ĐAO MỠ ĐIỆN CAO TẦN-11557008-unknown-date,N/A,GEN-7162859341738950826,Kho Lưu Trữ Thiết Bị / Chờ Cấp Phát,KHO,Thiết bị y tế khác,Mức A,,,,IN_SERVICE,,,,,,
1010,BVQ7-TTB-01010,BM/BVQ7/01010,Máy thận nhân tạo,N/A,GEN-3769050065865196115,Đơn Vị Thận Nhân Tạo / Lọc Máu,TNT,Thận nhân tạo & Lọc máu,Mức C,,,,IN_SERVICE,,,,,,
1011,BVQ7-TTB-01011,BM/BVQ7/01011,Máy thận nhân tạo,4008 S,GEN-5606586995980920689,Đơn Vị Thận Nhân Tạo / Lọc Máu,TNT,Thận nhân tạo & Lọc máu,Mức C,,,,IN_SERVICE,,,,,,
1012,BVQ7-TTB-01012,BM/BVQ7/01012,Máy phá rung tim,TEC-5631,GEN-6050823057936925888,Khoa Cấp Cứu - Hồi Sức Tích Cực,ICU,Cấp cứu & Máy phá rung tim,Mức D,,,,IN_SERVICE,,,,,,
1013,BVQ7-TTB-01013,BM/BVQ7/01013,Máy thận nhân tạo,5008 S,GEN-4888396038384315129,Đơn Vị Thận Nhân Tạo / Lọc Máu,TNT,Thận nhân tạo & Lọc máu,Mức C,,,,IN_SERVICE,,,,,,
1022,BVQ7-TTB-01022,BM/BVQ7/01022,Huyết áp kế lò xo / Áp kế y tế,HEM-8712,GEN-7580728593986386867,Khoa Khám Bệnh Đa Khoa,KKB,Thiết bị y tế khác,Mức A,,,,IN_SERVICE,,,,,,
1026,BVQ7-TTB-01026,BM/BVQ7/01026,Huyết áp kế lò xo / Áp kế y tế,N/A,GEN-5960965913198984982,Khoa Khám Bệnh Đa Khoa,KKB,Thiết bị y tế khác,Mức A,,,,IN_SERVICE,,,,,,
1027,BVQ7-TTB-01027,BM/BVQ7/01027,Huyết áp kế lò xo / Áp kế y tế,N/A,GEN-3671931592788206902,Khoa Khám Bệnh Đa Khoa,KKB,Thiết bị y tế khác,Mức A,,,,IN_SERVICE,,,,,,
1028,BVQ7-TTB-01028,BM/BVQ7/01028,Huyết áp kế lò xo / Áp kế y tế,N/A,GEN-7572324218589290915,Khoa Khám Bệnh Đa Khoa,KKB,Thiết bị y tế khác,Mức A,,,,IN_SERVICE,,,,,,
1029,BVQ7-TTB-01029,BM/BVQ7/01029,Huyết áp kế lò xo / Áp kế y tế,N/A,GEN-6006215443179781768,Khoa Khám Bệnh Đa Khoa,KKB,Thiết bị y tế khác,Mức A,,,,IN_SERVICE,,,,,,
1030,BVQ7-TTB-01030,BM/BVQ7/01030,Huyết áp kế lò xo / Áp kế y tế,N/A,GEN-7404143775336578404,Khoa Khám Bệnh Đa Khoa,KKB,Thiết bị y tế khác,Mức A,,,,IN_SERVICE,,,,,,
1031,BVQ7-TTB-01031,BM/BVQ7/01031,Huyết áp kế lò xo / Áp kế y tế,N/A,GEN-7930783387905938898,Khoa Khám Bệnh Đa Khoa,KKB,Thiết bị y tế khác,Mức A,,,,IN_SERVICE,,,,,,
1032,BVQ7-TTB-01032,BM/BVQ7/01032,Huyết áp kế lò xo / Áp kế y tế,N/A,GEN-7494177785514449351,Khoa Khám Bệnh Đa Khoa,KKB,Thiết bị y tế khác,Mức A,,,,IN_SERVICE,,,,,,
1033,BVQ7-TTB-01033,BM/BVQ7/01033,Huyết áp kế lò xo / Áp kế y tế,N/A,GEN-4125724069454327530,Khoa Khám Bệnh Đa Khoa,KKB,Thiết bị y tế khác,Mức A,,,,IN_SERVICE,,,,,,
1035,BVQ7-TTB-01035,BM/BVQ7/01035,Cân sức khỏe y tế,N/A,GEN-7032417857524255517,Khoa Khám Bệnh Đa Khoa,KKB,Thiết bị y tế khác,Mức A,,,,IN_SERVICE,,,,,,
1036,BVQ7-TTB-01036,BM/BVQ7/01036,Cân sức khỏe y tế,N/A,GEN-570681042409537824,Khoa Khám Bệnh Đa Khoa,KKB,Thiết bị y tế khác,Mức A,,,,IN_SERVICE,,,,,,
1037,BVQ7-TTB-01037,BM/BVQ7/01037,Huyết áp kế lò xo / Áp kế y tế,N/A,GEN-3313222069725402919,Khoa Khám Bệnh Đa Khoa,KKB,Thiết bị y tế khác,Mức A,,,,IN_SERVICE,,,,,,
1038,BVQ7-TTB-01038,BM/BVQ7/01038,Huyết áp kế lò xo / Áp kế y tế,N/A,GEN-4741005132373530685,Khoa Khám Bệnh Đa Khoa,KKB,Thiết bị y tế khác,Mức A,,,,IN_SERVICE,,,,,,
1039,BVQ7-TTB-01039,BM/BVQ7/01039,Cân sức khỏe y tế,N/A,GEN-1551521466931513550,Khoa Khám Bệnh Đa Khoa,KKB,Thiết bị y tế khác,Mức A,,,,IN_SERVICE,,,,,,
1040,BVQ7-TTB-01040,BM/BVQ7/01040,Máy ly tâm phòng xét nghiệm,N/A,GEN-2009130748028499824,Khoa Xét Nghiệm Y Học,XN,Thiết bị y tế khác,Mức B,,,,IN_SERVICE,,,,,,
1041,BVQ7-TTB-01041,BM/BVQ7/01041,Cân sức khỏe y tế,N/A,GEN-8996484737419479723,Khoa Khám Bệnh Đa Khoa,KKB,Thiết bị y tế khác,Mức A,,,,IN_SERVICE,,,,,,
1042,BVQ7-TTB-01042,BM/BVQ7/01042,Nhiệt kế điện tử y tế,N/A,GEN-1339453246199108663,Khoa Khám Bệnh Đa Khoa,KKB,Thiết bị y tế khác,Mức A,,,,IN_SERVICE,,,,,,
1043,BVQ7-TTB-01043,BM/BVQ7/01043,Nhiệt kế điện tử y tế,N/A,GEN-4933638544018386957,Khoa Khám Bệnh Đa Khoa,KKB,Thiết bị y tế khác,Mức A,,,,IN_SERVICE,,,,,,
1044,BVQ7-TTB-01044,BM/BVQ7/01044,Nhiệt ẩm kế tự ghi,N/A,GEN-5156362842378693165,Khoa Khám Bệnh Đa Khoa,KKB,Thiết bị y tế khác,Mức A,,,,IN_SERVICE,,,,,,
1045,BVQ7-TTB-01045,BM/BVQ7/01045,Nhiệt ẩm kế tự ghi,N/A,GEN-2449483303086068736,Khoa Khám Bệnh Đa Khoa,KKB,Thiết bị y tế khác,Mức A,,,,IN_SERVICE,,,,,,
1046,BVQ7-TTB-01046,BM/BVQ7/01046,Nhiệt ẩm kế tự ghi,N/A,GEN-2827133732070762934,Khoa Khám Bệnh Đa Khoa,KKB,Thiết bị y tế khác,Mức A,,,,IN_SERVICE,,,,,,
1047,BVQ7-TTB-01047,BM/BVQ7/01047,Nhiệt ẩm kế tự ghi,N/A,GEN-842945670550227384,Khoa Khám Bệnh Đa Khoa,KKB,Thiết bị y tế khác,Mức A,,,,IN_SERVICE,,,,,,
1048,BVQ7-TTB-01048,BM/BVQ7/01048,Nhiệt ẩm kế tự ghi,N/A,GEN-7521165363596792808,Khoa Khám Bệnh Đa Khoa,KKB,Thiết bị y tế khác,Mức A,,,,IN_SERVICE,,,,,,
1049,BVQ7-TTB-01049,BM/BVQ7/01049,Nhiệt ẩm kế tự ghi,N/A,GEN-4412764244263490720,Khoa Khám Bệnh Đa Khoa,KKB,Thiết bị y tế khác,Mức A,,,,IN_SERVICE,,,,,,
1050,BVQ7-TTB-01050,BM/BVQ7/01050,Nhiệt ẩm kế tự ghi,N/A,GEN-7769990871438676303,Khoa Khám Bệnh Đa Khoa,KKB,Thiết bị y tế khác,Mức A,,,,IN_SERVICE,,,,,,
1051,BVQ7-TTB-01051,BM/BVQ7/01051,Nhiệt ẩm kế tự ghi,N/A,GEN-6508421741208017718,Khoa Khám Bệnh Đa Khoa,KKB,Thiết bị y tế khác,Mức A,,,,IN_SERVICE,,,,,,
1052,BVQ7-TTB-01052,BM/BVQ7/01052,Nhiệt ẩm kế tự ghi,N/A,GEN-3381845677237738818,Khoa Khám Bệnh Đa Khoa,KKB,Thiết bị y tế khác,Mức A,,,,IN_SERVICE,,,,,,
1053,BVQ7-TTB-01053,BM/BVQ7/01053,Nhiệt ẩm kế tự ghi,N/A,GEN-6643145740492548552,Khoa Khám Bệnh Đa Khoa,KKB,Thiết bị y tế khác,Mức A,,,,IN_SERVICE,,,,,,
1054,BVQ7-TTB-01054,BM/BVQ7/01054,Nhiệt ẩm kế tự ghi,N/A,GEN-6158971311512408646,Khoa Khám Bệnh Đa Khoa,KKB,Thiết bị y tế khác,Mức A,,,,IN_SERVICE,,,,,,
1055,BVQ7-TTB-01055,BM/BVQ7/01055,Nhiệt ẩm kế tự ghi,N/A,GEN-8083962989916905044,Khoa Khám Bệnh Đa Khoa,KKB,Thiết bị y tế khác,Mức A,,,,IN_SERVICE,,,,,,
1056,BVQ7-TTB-01056,BM/BVQ7/01056,Nhiệt ẩm kế tự ghi,N/A,GEN-7981525292235428750,Khoa Khám Bệnh Đa Khoa,KKB,Thiết bị y tế khác,Mức A,,,,IN_SERVICE,,,,,,
1057,BVQ7-TTB-01057,BM/BVQ7/01057,Nhiệt ẩm kế tự ghi,N/A,GEN-7660180270755109391,Khoa Khám Bệnh Đa Khoa,KKB,Thiết bị y tế khác,Mức A,,,,IN_SERVICE,,,,,,
1058,BVQ7-TTB-01058,BM/BVQ7/01058,Nhiệt ẩm kế tự ghi,N/A,GEN-5699824742421272831,Khoa Khám Bệnh Đa Khoa,KKB,Thiết bị y tế khác,Mức A,,,,IN_SERVICE,,,,,,
1059,BVQ7-TTB-01059,BM/BVQ7/01059,Nhiệt ẩm kế tự ghi,N/A,GEN-3243827078427207859,Khoa Khám Bệnh Đa Khoa,KKB,Thiết bị y tế khác,Mức A,,,,IN_SERVICE,,,,,,
1060,BVQ7-TTB-01060,BM/BVQ7/01060,Nhiệt ẩm kế tự ghi,N/A,GEN-6479412760685487649,Khoa Khám Bệnh Đa Khoa,KKB,Thiết bị y tế khác,Mức A,,,,IN_SERVICE,,,,,,
1061,BVQ7-TTB-01061,BM/BVQ7/01061,Nhiệt ẩm kế tự ghi,N/A,GEN-3449759292642525896,Khoa Khám Bệnh Đa Khoa,KKB,Thiết bị y tế khác,Mức A,,,,IN_SERVICE,,,,,,
1062,BVQ7-TTB-01062,BM/BVQ7/01062,Nhiệt ẩm kế tự ghi,N/A,GEN-2775143752606030549,Khoa Khám Bệnh Đa Khoa,KKB,Thiết bị y tế khác,Mức A,,,,IN_SERVICE,,,,,,
1063,BVQ7-TTB-01063,BM/BVQ7/01063,Nhiệt ẩm kế tự ghi,N/A,GEN-8608299244522443376,Khoa Khám Bệnh Đa Khoa,KKB,Thiết bị y tế khác,Mức A,,,,IN_SERVICE,,,,,,
1065,BVQ7-TTB-01065,BM/BVQ7/01065,Nhiệt ẩm kế tự ghi,N/A,GEN-7240961725316824918,Khoa Khám Bệnh Đa Khoa,KKB,Thiết bị y tế khác,Mức A,,,,IN_SERVICE,,,,,,
1066,BVQ7-TTB-01066,BM/BVQ7/01066,Nhiệt kế y tế,N/A,GEN-5670703790337774956,Khoa Khám Bệnh Đa Khoa,KKB,Thiết bị y tế khác,Mức A,,,,IN_SERVICE,,,,,,
1067,BVQ7-TTB-01067,BM/BVQ7/01067,Nhiệt ẩm kế tự ghi,N/A,GEN-4904112072751550500,Khoa Khám Bệnh Đa Khoa,KKB,Thiết bị y tế khác,Mức A,,,,IN_SERVICE,,,,,,
1068,BVQ7-TTB-01068,BM/BVQ7/01068,Nhiệt ẩm kế tự ghi,N/A,GEN-644919368444316109,Khoa Khám Bệnh Đa Khoa,KKB,Thiết bị y tế khác,Mức A,,,,IN_SERVICE,,,,,,
1069,BVQ7-TTB-01069,BM/BVQ7/01069,Nhiệt ẩm kế tự ghi,N/A,GEN-8787592616946506910,Khoa Khám Bệnh Đa Khoa,KKB,Thiết bị y tế khác,Mức A,,,,IN_SERVICE,,,,,,
1070,BVQ7-TTB-01070,BM/BVQ7/01070,Nhiệt ẩm kế tự ghi,N/A,GEN-5107384057251513703,Khoa Khám Bệnh Đa Khoa,KKB,Thiết bị y tế khác,Mức A,,,,IN_SERVICE,,,,,,
1071,BVQ7-TTB-01071,BM/BVQ7/01071,Nhiệt ẩm kế tự ghi,N/A,GEN-4903832025047602954,Khoa Khám Bệnh Đa Khoa,KKB,Thiết bị y tế khác,Mức A,,,,IN_SERVICE,,,,,,
1072,BVQ7-TTB-01072,BM/BVQ7/01072,Nhiệt ẩm kế tự ghi,N/A,GEN-8304635850552697755,Khoa Khám Bệnh Đa Khoa,KKB,Thiết bị y tế khác,Mức A,,,,IN_SERVICE,,,,,,
1073,BVQ7-TTB-01073,BM/BVQ7/01073,Nhiệt ẩm kế tự ghi,N/A,GEN-3337967916074473142,Khoa Khám Bệnh Đa Khoa,KKB,Thiết bị y tế khác,Mức A,,,,IN_SERVICE,,,,,,
1074,BVQ7-TTB-01074,BM/BVQ7/01074,Nhiệt ẩm kế tự ghi,N/A,GEN-5716587289945912789,Khoa Khám Bệnh Đa Khoa,KKB,Thiết bị y tế khác,Mức A,,,,IN_SERVICE,,,,,,
1075,BVQ7-TTB-01075,BM/BVQ7/01075,Nhiệt kế điện tử y tế,N/A,GEN-1066492212949031579,Khoa Khám Bệnh Đa Khoa,KKB,Thiết bị y tế khác,Mức A,,,,IN_SERVICE,,,,,,
1076,BVQ7-TTB-01076,BM/BVQ7/01076,Nhiệt ẩm kế tự ghi,N/A,GEN-254522726904395752,Khoa Khám Bệnh Đa Khoa,KKB,Thiết bị y tế khác,Mức A,,,,IN_SERVICE,,,,,,
1077,BVQ7-TTB-01077,BM/BVQ7/01077,Nhiệt kế điện tử y tế,N/A,GEN-2519144470177037779,Khoa Khám Bệnh Đa Khoa,KKB,Thiết bị y tế khác,Mức A,,,,IN_SERVICE,,,,,,
1078,BVQ7-TTB-01078,BM/BVQ7/01078,Nhiệt kế điện tử y tế,N/A,GEN-9221701235415769113,Khoa Khám Bệnh Đa Khoa,KKB,Thiết bị y tế khác,Mức A,,,,IN_SERVICE,,,,,,
1079,BVQ7-TTB-01079,BM/BVQ7/01079,Nhiệt kế điện tử y tế,N/A,GEN-7752236111534308668,Khoa Khám Bệnh Đa Khoa,KKB,Thiết bị y tế khác,Mức A,,,,IN_SERVICE,,,,,,
1081,BVQ7-TTB-01081,BM/BVQ7/01081,Cân sức khỏe y tế,N/A,GEN-8452344027092834749,Khoa Khám Bệnh Đa Khoa,KKB,Thiết bị y tế khác,Mức A,,,,IN_SERVICE,,,,,,
1082,BVQ7-TTB-01082,BM/BVQ7/01082,Huyết áp kế lò xo / Áp kế y tế,N/A,GEN-4467066431951039362,Khoa Khám Bệnh Đa Khoa,KKB,Thiết bị y tế khác,Mức A,,,,IN_SERVICE,,,,,,
1084,BVQ7-TTB-01084,BM/BVQ7/01084,Huyết áp kế lò xo / Áp kế y tế,N/A,GEN-7480293863070529436,Khoa Khám Bệnh Đa Khoa,KKB,Thiết bị y tế khác,Mức A,,,,IN_SERVICE,,,,,,
1085,BVQ7-TTB-01085,BM/BVQ7/01085,Huyết áp kế lò xo / Áp kế y tế,N/A,GEN-1341412244964483238,Khoa Khám Bệnh Đa Khoa,KKB,Thiết bị y tế khác,Mức A,,,,IN_SERVICE,,,,,,
1086,BVQ7-TTB-01086,BM/BVQ7/01086,Huyết áp kế lò xo / Áp kế y tế,N/A,GEN-3367155082376184292,Khoa Khám Bệnh Đa Khoa,KKB,Thiết bị y tế khác,Mức A,,,,IN_SERVICE,,,,,,
1088,BVQ7-TTB-01088,BM/BVQ7/01088,Máy thở chuyên dụng,N/A,GEN-4117000604777823282,Khoa Cấp Cứu - Hồi Sức Tích Cực,ICU,Máy thở & Hô hấp,Mức D,,,,IN_SERVICE,,,,,,
1089,BVQ7-TTB-01089,BM/BVQ7/01089,Máy thận nhân tạo,5008S,GEN-6735634778538865969,Đơn Vị Thận Nhân Tạo / Lọc Máu,TNT,Thận nhân tạo & Lọc máu,Mức C,,,,IN_SERVICE,,,,,,
1090,BVQ7-TTB-01090,BM/BVQ7/01090,Thiết bị chẩn đoán & điều trị y tế,N/A,G3200254,Kho Lưu Trữ Thiết Bị / Chờ Cấp Phát,KHO,Thiết bị y tế khác,Mức A,,,,IN_SERVICE,,,,,,
1091,BVQ7-TTB-01091,BM/BVQ7/01091,Ống nội soi mềm,N/A,JG403K261,Khoa Nội Soi Tiêu Hóa,NSTH,Thiết bị y tế khác,Mức C,,,,IN_SERVICE,,,,,,
1092,BVQ7-TTB-01092,BM/BVQ7/01092,Thiết bị chẩn đoán & điều trị y tế,N/A,D1244018,Kho Lưu Trữ Thiết Bị / Chờ Cấp Phát,KHO,Thiết bị y tế khác,Mức A,,,,IN_SERVICE,,,,,,
1093,BVQ7-TTB-01093,BM/BVQ7/01093,Thiết bị chẩn đoán & điều trị y tế,N/A,K-TTBYT,Kho Lưu Trữ Thiết Bị / Chờ Cấp Phát,KHO,Thiết bị y tế khác,Mức A,,,,IN_SERVICE,,,,,,
1094,BVQ7-TTB-01094,BM/BVQ7/01094,Ống nội soi mềm,BF-P190,2415587,Khoa Nội Soi Tiêu Hóa,NSTH,Thiết bị y tế khác,Mức C,,,,IN_SERVICE,,,,,,
1095,BVQ7-TTB-01095,BM/BVQ7/01095,Máy thận nhân tạo,N/A,5SXA6AXS,Đơn Vị Thận Nhân Tạo / Lọc Máu,TNT,Thiết bị y tế khác,Mức C,,,,IN_SERVICE,,,,,,
1096,BVQ7-TTB-01096,BM/BVQ7/01096,Thiết bị chẩn đoán & điều trị y tế,N/A,211163YP1,Kho Lưu Trữ Thiết Bị / Chờ Cấp Phát,KHO,Thiết bị y tế khác,Mức A,,,,IN_SERVICE,,,,,,
1097,BVQ7-TTB-01097,BM/BVQ7/01097,Thiết bị chẩn đoán & điều trị y tế,N/A,246817,Kho Lưu Trữ Thiết Bị / Chờ Cấp Phát,KHO,Thiết bị y tế khác,Mức A,,,,IN_SERVICE,,,,,,
1098,BVQ7-TTB-01098,BM/BVQ7/01098,NANG DONG 0202.2026 - xoagia,N/A,GEN-6633748142716489412,Kho Lưu Trữ Thiết Bị / Chờ Cấp Phát,KHO,Thiết bị y tế khác,Mức A,,,,IN_SERVICE,,,,,,
1101,BVQ7-TTB-01101,BM/BVQ7/01101,Máy rửa màng lọc thận (Loại rửa 2 quả lọc) - Compact II,Compact II,CPII53365,Khoa Chẩn Đoán Hình Ảnh,CDHA,Thận nhân tạo & Lọc máu,Mức A,,,,IN_SERVICE,,,,,,
1102,BVQ7-TTB-01102,BM/BVQ7/01102,Máy Siêu Âm Màu Doppler 4D,Voluson E10,GE-VOLUSON-2026-999,Khoa Chẩn Đoán Hình Ảnh,CDHA,Thận nhân tạo & Lọc máu,Mức C,GE Healthcare,Mỹ,2026,IN_SERVICE,2026-08-18,2026-08-18,2027-08-18,GCN-GE-2026-001,,Nhập mới theo Hợp đồng Mua sắm TTB 2026
1103,BVQ7-TTB-01103,BM/BVQ7/01103,Máy Siêu Âm Màu Doppler 4D,Voluson E10,GE-VOLUSON-2026-001,Khoa Chẩn Đoán Hình Ảnh,CDHA,Thận nhân tạo & Lọc máu,Mức C,GE Healthcare,Mỹ,2026,IN_SERVICE,2026-08-18,2026-08-18,2027-08-18,GCN-GE-2026-001,,Nhập mới theo Hợp đồng Mua sắm TTB 2026
1104,BVQ7-TTB-01104,BM/BVQ7/01104,Máy Siêu Âm Màu Doppler 4D (Đã Hiệu Chỉnh Kỹ Thuật),Voluson E10,GE-VOLUSON-2026-FINAL,Khoa Chẩn Đoán Hình Ảnh,CDHA,Thận nhân tạo & Lọc máu,Mức C,GE Healthcare USA,Mỹ,2026,IN_SERVICE,2026-08-18,2026-08-18,2027-08-18,GCN-GE-2026-001,,Đã nghiệm thu và cập nhật cấu hình đầu dò tim/mạch
